--CLEANUP SCRIPT
set serveroutput on
declare
    v_table_exists varchar(1) := 'Y';
    v_sql varchar(2000);
begin
   dbms_output.put_line('Start schema cleanup');
   for i in (   select 'CUSTOMER' table_name from dual union all
                select 'CUSTOMER_TRANSACTION' table_name from dual union all
                select 'STOCK' table_name from dual union all
                select 'PRODUCT_SALE' table_name from dual union all
                select 'ADMIN' table_name from dual union all
                select 'SUPPLIER_TRANSACTION' table_name from dual union all
                select 'RETURN_TRANSACTION' table_name from dual union all
                select 'RETURN_PRODUCT_SALE' table_name from dual union all
                select 'SUPPLIERS' table_name from dual
   )
   loop
   dbms_output.put_line('....Drop table '||i.table_name);
   begin
       select 'Y' into v_table_exists
       from USER_TABLES
       where TABLE_NAME=i.table_name;

       v_sql := 'drop table '||i.table_name;
       execute immediate v_sql;
       dbms_output.put_line('........Table '||i.table_name||' dropped successfully');
       
   exception
       when no_data_found then
           dbms_output.put_line('........Table already dropped');
   end;
   end loop;
   dbms_output.put_line('Schema cleanup successfully completed');
exception
   when others then
      dbms_output.put_line('Failed to execute code:'||sqlerrm);
end;
/

----------------------------------------------------------------------------------------
-------------------------------CREATING TABLE NOW---------------------------------------
----------------------------------------------------------------------------------------
CREATE TABLE CUSTOMER (CUSTOMER_ID NUMBER(8) NOT NULL PRIMARY KEY,
                        CUS_F_NAME VARCHAR2(20) NOT NULL,
                        CUS_L_NAME VARCHAR2(20),
                        CUS_DOB	 DATE NOT NULL,
                        CUS_SINCE DATE NOT NULL,
                        CUS_GENDER	VARCHAR2(6) NOT NULL,
                        CUS_CONTACT_NO	NUMBER(10) NOT NULL,
                        CUS_ALTERNATE_NO NUMBER(10),
                        CUS_EMAIL_ID	VARCHAR2(50) NOT NULL,
                        CUS_ADDRESS_1	VARCHAR2(50) NOT NULL,
                        CUS_ADDRESS_2	VARCHAR2(50),
                        CUS_CITY	VARCHAR2(20) NOT NULL,
                        CUS_STATE	VARCHAR2(20) NOT NULL,
                        CUS_COUNTRY	 VARCHAR2(20) NOT NULL,
                        CUS_ZIP	NUMBER(5) NOT NULL
                        );

CREATE TABLE ADMIN (ADMIN_ID NUMBER(5) NOT NULL PRIMARY KEY,
                    ADMIN_F_NAME VARCHAR2(20) NOT NULL,
                    ADMIN_L_NAME VARCHAR2(20) NOT NULL,
                    ADMIN_DOB DATE NOT NULL,
                    ADMIN_SINCE	DATE NOT NULL,
                    ADMIN_EMAIL_ID	VARCHAR2(50) NOT NULL,
                    ADMIN_CONTACT_NO NUMBER(10) NOT NULL
                    );
CREATE TABLE SUPPLIERS (SUPPLIER_ID	NUMBER(5) NOT NULL PRIMARY KEY,
                        SUPPLIER_NAME	VARCHAR2(20) NOT NULL,
                        SUPPLIER_CONTACT_NO	NUMBER(10) NOT NULL,
                        SUPPLIER_EMAIL_ID	VARCHAR2(50) NOT NULL,
                        SUPPLIER_ADDRESS_1	VARCHAR2(50) NOT NULL,
                        SUPPLIER_ADDRESS_2	VARCHAR2(50),
                        SUPPLIER_CITY	VARCHAR2(20) NOT NULL,
                        SUPPLIER_STATE	VARCHAR2(20) NOT NULL,
                        SUPPLIER_ZIP	NUMBER(5) NOT NULL,
                        SUPPLIER_SINCE	DATE
                        );
CREATE TABLE STOCK (STOCK_ID NUMBER(9) NOT NULL PRIMARY KEY,
                    STOCK_NAME	VarChar2(20) NOT NULL,
                    STOCK_QUANTITY NUMBER(5) NOT NULL,
                    REORDER_LEVEL NUMBER(5) NOT NULL,
                    STOCK_PRICE	FLOAT(5) NOT NULL,
                    SPECS	VarChar2(1000) NOT NULL,
                    STOCK_SUPPLIER_ID NUMBER(5) NOT NULL,
                    STOCK_IN_DATE	Date,
                    MANUFACTURER_NAME	VarChar2(20)
                    );
                    
CREATE TABLE CUSTOMER_TRANSACTION ( ORDER_NUMBER	NUMBER(10) NOT NULL PRIMARY KEY,
                                    ORDER_CUS_ID	NUMBER(8) NOT NULL,
                                    ORDER_DATE	DATE NOT NULL,	
                                    ORDER_PAYMENT_METHOD	VARCHAR2(6) NOT NULL
                                    );

CREATE TABLE SUPPLIER_TRANSACTION(  SUPPLIER_TRANSACTION_ID	NUMBER(10) NOT NULL PRIMARY KEY,
                                    SUPPLIER_STOCK_ID	NUMBER	(9) NOT NULL,
                                    ADMIN_ID	NUMBER(5) NOT NULL,
                                    SUPPLIER_TRANSACTION_DATE DATE NOT NULL,
                                    SUPPLY_QTY	NUMBER(5) NOT NULL,
                                    SUPPLY_PRICE FLOAT(8) NOT NULL
                                    );

CREATE TABLE RETURN_TRANSACTION (   RETURN_NUMBER	NUMBER (10) NOT NULL PRIMARY KEY,
                                    RETURN_CUSTOMER_ID NUMBER(8) NOT NULL,
                                    RETURN_DATE	DATE NOT NULL
                                    );

CREATE TABLE PRODUCT_SALE ( SALE_ID	NUMBER(10) NOT NULL PRIMARY KEY,
                            ORDER_NUMBER NUMBER(10) NOT NULL,
                            SALE_STOCK_ID NUMBER(12) NOT NULL,
                            ORDER_QTY NUMBER(5) NOT NULL
                            );
CREATE TABLE RETURN_PRODUCT_SALE ( PRODUCT_RETURN_ID NUMBER(10) NOT NULL PRIMARY KEY,
                                    RETURN_NUMBER NUMBER(10) NOT NULL,
                                    RETURN_STOCK_ID NUMBER(9) NOT NULL,
                                    RETURN_QTY NUMBER(5) NOT NULL
                                    );
----------------------------------------------------------------------------------------
-------------------------------INSERTING DATA NOW---------------------------------------
---------------------------------------------------------------------------------------- 


-----------------------------INSERT INTO CUSTOMER---------------------------------------

INSERT INTO CUSTOMER (CUSTOMER_ID,CUS_F_NAME,CUS_L_NAME,CUS_DOB,CUS_SINCE,CUS_GENDER,CUS_CONTACT_NO,CUS_ALTERNATE_NO,CUS_EMAIL_ID,CUS_ADDRESS_1,CUS_ADDRESS_2,CUS_CITY,CUS_STATE,CUS_COUNTRY,CUS_ZIP) VALUES ('1','Bliss','Halshaw','23-Jan-91','29-Jan-22','Female','9046029142','2017443967','bhalshaw0@wsj.com','PO Box 835','Room 1078','Jacksonville','Florida','United States','32277');
INSERT INTO CUSTOMER (CUSTOMER_ID,CUS_F_NAME,CUS_L_NAME,CUS_DOB,CUS_SINCE,CUS_GENDER,CUS_CONTACT_NO,CUS_ALTERNATE_NO,CUS_EMAIL_ID,CUS_ADDRESS_1,CUS_ADDRESS_2,CUS_CITY,CUS_STATE,CUS_COUNTRY,CUS_ZIP) VALUES ('2','Ritchie','Ballintyne','11-Oct-67','16-Dec-21','Male','4401747395','9161484752','rballintyne1@illinois.edu','Apt 1724','Room 59','Cleveland','Ohio','United States','44125');
INSERT INTO CUSTOMER (CUSTOMER_ID,CUS_F_NAME,CUS_L_NAME,CUS_DOB,CUS_SINCE,CUS_GENDER,CUS_CONTACT_NO,CUS_ALTERNATE_NO,CUS_EMAIL_ID,CUS_ADDRESS_1,CUS_ADDRESS_2,CUS_CITY,CUS_STATE,CUS_COUNTRY,CUS_ZIP) VALUES ('3','Harris','Amiable','3-Oct-56','2-Sep-21','Male','2094481225','4072674970','hamiable2@delicious.com','PO Box 21343','12th Floor','Modesto','California','United States','95354');
INSERT INTO CUSTOMER (CUSTOMER_ID,CUS_F_NAME,CUS_L_NAME,CUS_DOB,CUS_SINCE,CUS_GENDER,CUS_CONTACT_NO,CUS_ALTERNATE_NO,CUS_EMAIL_ID,CUS_ADDRESS_1,CUS_ADDRESS_2,CUS_CITY,CUS_STATE,CUS_COUNTRY,CUS_ZIP) VALUES ('4','Mavis','McLenaghan','30-Jan-89','30-Mar-21','Female','8133402046','3121710019','mmclenaghan3@cbc.ca','Room 593','10th Floor','Tampa','Florida','United States','33633');
INSERT INTO CUSTOMER (CUSTOMER_ID,CUS_F_NAME,CUS_L_NAME,CUS_DOB,CUS_SINCE,CUS_GENDER,CUS_CONTACT_NO,CUS_ALTERNATE_NO,CUS_EMAIL_ID,CUS_ADDRESS_1,CUS_ADDRESS_2,CUS_CITY,CUS_STATE,CUS_COUNTRY,CUS_ZIP) VALUES ('5','Jerrilyn','Gontier','10-Sep-79','20-Jul-21','Female','5623228153','7197001666','jgontier4@umich.edu','16th Floor','PO Box 65157','Long Beach','California','United States','90810');
INSERT INTO CUSTOMER (CUSTOMER_ID,CUS_F_NAME,CUS_L_NAME,CUS_DOB,CUS_SINCE,CUS_GENDER,CUS_CONTACT_NO,CUS_ALTERNATE_NO,CUS_EMAIL_ID,CUS_ADDRESS_1,CUS_ADDRESS_2,CUS_CITY,CUS_STATE,CUS_COUNTRY,CUS_ZIP) VALUES ('6','Guntar','Chappel','23-Nov-77','30-Dec-21','Male','8323700689','3177123339','gchappel5@accuweather.com','Room 1397','Apt 1098','Houston','Texas','United States','77201');
INSERT INTO CUSTOMER (CUSTOMER_ID,CUS_F_NAME,CUS_L_NAME,CUS_DOB,CUS_SINCE,CUS_GENDER,CUS_CONTACT_NO,CUS_ALTERNATE_NO,CUS_EMAIL_ID,CUS_ADDRESS_1,CUS_ADDRESS_2,CUS_CITY,CUS_STATE,CUS_COUNTRY,CUS_ZIP) VALUES ('7','Harwell','Oatley','30-May-89','1-Oct-21','Male','8163996708','3618471823','hoatley6@ucla.edu','19th Floor','Apt 856','Saint Joseph','Missouri','United States','64504');
INSERT INTO CUSTOMER (CUSTOMER_ID,CUS_F_NAME,CUS_L_NAME,CUS_DOB,CUS_SINCE,CUS_GENDER,CUS_CONTACT_NO,CUS_ALTERNATE_NO,CUS_EMAIL_ID,CUS_ADDRESS_1,CUS_ADDRESS_2,CUS_CITY,CUS_STATE,CUS_COUNTRY,CUS_ZIP) VALUES ('8','Orlando','Manuely','22-Jan-79','22-Apr-21','Male','9169153030','3044265418','omanuely7@blogger.com','Suite 85','Suite 20','Sacramento','California','United States','95828');
INSERT INTO CUSTOMER (CUSTOMER_ID,CUS_F_NAME,CUS_L_NAME,CUS_DOB,CUS_SINCE,CUS_GENDER,CUS_CONTACT_NO,CUS_ALTERNATE_NO,CUS_EMAIL_ID,CUS_ADDRESS_1,CUS_ADDRESS_2,CUS_CITY,CUS_STATE,CUS_COUNTRY,CUS_ZIP) VALUES ('9','Atalanta','Dalbey','13-Nov-99','23-Feb-22','Female','3161824993','3302344873','adalbey8@weather.com','Apt 1760','Apt 323','Wichita','Kansas','United States','67210');
INSERT INTO CUSTOMER (CUSTOMER_ID,CUS_F_NAME,CUS_L_NAME,CUS_DOB,CUS_SINCE,CUS_GENDER,CUS_CONTACT_NO,CUS_ALTERNATE_NO,CUS_EMAIL_ID,CUS_ADDRESS_1,CUS_ADDRESS_2,CUS_CITY,CUS_STATE,CUS_COUNTRY,CUS_ZIP) VALUES ('10','Michal','Stokoe','17-Aug-86','6-Aug-21','Female','4057952115','7139099518','mstokoe9@jugem.jp','Suite 67','Suite 6','Oklahoma City','Oklahoma','United States','73119');
INSERT INTO CUSTOMER (CUSTOMER_ID,CUS_F_NAME,CUS_L_NAME,CUS_DOB,CUS_SINCE,CUS_GENDER,CUS_CONTACT_NO,CUS_ALTERNATE_NO,CUS_EMAIL_ID,CUS_ADDRESS_1,CUS_ADDRESS_2,CUS_CITY,CUS_STATE,CUS_COUNTRY,CUS_ZIP) VALUES ('11','Janos','Skittrall','29-May-62','9-Aug-21','Male','2083676670','8183062994','jskittralla@stumbleupon.com','Suite 49','Suite 78','Boise','Idaho','United States','83727');
INSERT INTO CUSTOMER (CUSTOMER_ID,CUS_F_NAME,CUS_L_NAME,CUS_DOB,CUS_SINCE,CUS_GENDER,CUS_CONTACT_NO,CUS_ALTERNATE_NO,CUS_EMAIL_ID,CUS_ADDRESS_1,CUS_ADDRESS_2,CUS_CITY,CUS_STATE,CUS_COUNTRY,CUS_ZIP) VALUES ('12','Peirce','Hardman','20-May-67','12-Apr-21','Male','2088781968','8134951195','phardmanb@drupal.org','20th Floor','PO Box 32286','Pocatello','Idaho','United States','83206');
INSERT INTO CUSTOMER (CUSTOMER_ID,CUS_F_NAME,CUS_L_NAME,CUS_DOB,CUS_SINCE,CUS_GENDER,CUS_CONTACT_NO,CUS_ALTERNATE_NO,CUS_EMAIL_ID,CUS_ADDRESS_1,CUS_ADDRESS_2,CUS_CITY,CUS_STATE,CUS_COUNTRY,CUS_ZIP) VALUES ('13','Kean','Bumpas','15-Jan-91','4-Jun-21','Male','4086234043','5036471934','kbumpasc@instagram.com','Room 611','PO Box 98300','San Jose','California','United States','95150');
INSERT INTO CUSTOMER (CUSTOMER_ID,CUS_F_NAME,CUS_L_NAME,CUS_DOB,CUS_SINCE,CUS_GENDER,CUS_CONTACT_NO,CUS_ALTERNATE_NO,CUS_EMAIL_ID,CUS_ADDRESS_1,CUS_ADDRESS_2,CUS_CITY,CUS_STATE,CUS_COUNTRY,CUS_ZIP) VALUES ('14','Leontine','Ashe','17-Oct-65','28-May-21','Female','4194839079','7865509637','lashed@geocities.com','Room 1840','PO Box 41656','Toledo','Ohio','United States','43605');
INSERT INTO CUSTOMER (CUSTOMER_ID,CUS_F_NAME,CUS_L_NAME,CUS_DOB,CUS_SINCE,CUS_GENDER,CUS_CONTACT_NO,CUS_ALTERNATE_NO,CUS_EMAIL_ID,CUS_ADDRESS_1,CUS_ADDRESS_2,CUS_CITY,CUS_STATE,CUS_COUNTRY,CUS_ZIP) VALUES ('15','Clovis','Keoghan','29-Nov-80','17-Jul-21','Female','6167148910','2401222465','ckeoghane@howstuffworks.com','Apt 1409','PO Box 13313','Grand Rapids','Michigan','United States','49510');
INSERT INTO CUSTOMER (CUSTOMER_ID,CUS_F_NAME,CUS_L_NAME,CUS_DOB,CUS_SINCE,CUS_GENDER,CUS_CONTACT_NO,CUS_ALTERNATE_NO,CUS_EMAIL_ID,CUS_ADDRESS_1,CUS_ADDRESS_2,CUS_CITY,CUS_STATE,CUS_COUNTRY,CUS_ZIP) VALUES ('16','Dru','Addeycott','10-Jul-89','9-Jul-21','Female','9137108464','9723236383','daddeycottf@eventbrite.com','PO Box 55855','Room 669','Shawnee Mission','Kansas','United States','66215');
INSERT INTO CUSTOMER (CUSTOMER_ID,CUS_F_NAME,CUS_L_NAME,CUS_DOB,CUS_SINCE,CUS_GENDER,CUS_CONTACT_NO,CUS_ALTERNATE_NO,CUS_EMAIL_ID,CUS_ADDRESS_1,CUS_ADDRESS_2,CUS_CITY,CUS_STATE,CUS_COUNTRY,CUS_ZIP) VALUES ('17','Jamil','Bier','6-Feb-78','27-Feb-22','Male','7869590787','2026518879','jbierg@webmd.com','PO Box 19362','Room 789','Miami','Florida','United States','33233');
INSERT INTO CUSTOMER (CUSTOMER_ID,CUS_F_NAME,CUS_L_NAME,CUS_DOB,CUS_SINCE,CUS_GENDER,CUS_CONTACT_NO,CUS_ALTERNATE_NO,CUS_EMAIL_ID,CUS_ADDRESS_1,CUS_ADDRESS_2,CUS_CITY,CUS_STATE,CUS_COUNTRY,CUS_ZIP) VALUES ('18','Kordula','Swinn','29-Dec-59','11-Aug-21','Female','6466982506','8016737783','kswinnh@last.fm','3rd Floor','Apt 116','New York City','New York','United States','10014');
INSERT INTO CUSTOMER (CUSTOMER_ID,CUS_F_NAME,CUS_L_NAME,CUS_DOB,CUS_SINCE,CUS_GENDER,CUS_CONTACT_NO,CUS_ALTERNATE_NO,CUS_EMAIL_ID,CUS_ADDRESS_1,CUS_ADDRESS_2,CUS_CITY,CUS_STATE,CUS_COUNTRY,CUS_ZIP) VALUES ('19','Inessa','Sutty','28-Jul-89','22-May-21','Female','7185083656','7812093044','isuttyi@ibm.com','Suite 92','PO Box 2494','Bronx','New York','United States','10464');
INSERT INTO CUSTOMER (CUSTOMER_ID,CUS_F_NAME,CUS_L_NAME,CUS_DOB,CUS_SINCE,CUS_GENDER,CUS_CONTACT_NO,CUS_ALTERNATE_NO,CUS_EMAIL_ID,CUS_ADDRESS_1,CUS_ADDRESS_2,CUS_CITY,CUS_STATE,CUS_COUNTRY,CUS_ZIP) VALUES ('20','Tami','Keoghan','1-Dec-83','31-Aug-21','Female','8596292634','9151467273','tkeoghanj@yellowpages.com','Room 466','9th Floor','Lexington','Kentucky','United States','40596');
INSERT INTO CUSTOMER (CUSTOMER_ID,CUS_F_NAME,CUS_L_NAME,CUS_DOB,CUS_SINCE,CUS_GENDER,CUS_CONTACT_NO,CUS_ALTERNATE_NO,CUS_EMAIL_ID,CUS_ADDRESS_1,CUS_ADDRESS_2,CUS_CITY,CUS_STATE,CUS_COUNTRY,CUS_ZIP) VALUES ('21','Niles','Quhan','28-May-59','16-May-21','Male','2056937256','7866394855','nmquhank@netlog.com','Room 1766','Suite 4','Birmingham','Alabama','United States','35205');
INSERT INTO CUSTOMER (CUSTOMER_ID,CUS_F_NAME,CUS_L_NAME,CUS_DOB,CUS_SINCE,CUS_GENDER,CUS_CONTACT_NO,CUS_ALTERNATE_NO,CUS_EMAIL_ID,CUS_ADDRESS_1,CUS_ADDRESS_2,CUS_CITY,CUS_STATE,CUS_COUNTRY,CUS_ZIP) VALUES ('22','Munroe','Cardillo','1-Jan-83','10-Nov-21','Male','6026056715','2028517887','mcardillol@netlog.com','PO Box 64863','Room 990','Glendale','Arizona','United States','85311');
INSERT INTO CUSTOMER (CUSTOMER_ID,CUS_F_NAME,CUS_L_NAME,CUS_DOB,CUS_SINCE,CUS_GENDER,CUS_CONTACT_NO,CUS_ALTERNATE_NO,CUS_EMAIL_ID,CUS_ADDRESS_1,CUS_ADDRESS_2,CUS_CITY,CUS_STATE,CUS_COUNTRY,CUS_ZIP) VALUES ('23','Talbert','Hayhow','24-Dec-76','16-Oct-21','Male','7167768418','2125569855','thayhowm@newyorker.com','Suite 33','Apt 122','Buffalo','New York','United States','14205');
INSERT INTO CUSTOMER (CUSTOMER_ID,CUS_F_NAME,CUS_L_NAME,CUS_DOB,CUS_SINCE,CUS_GENDER,CUS_CONTACT_NO,CUS_ALTERNATE_NO,CUS_EMAIL_ID,CUS_ADDRESS_1,CUS_ADDRESS_2,CUS_CITY,CUS_STATE,CUS_COUNTRY,CUS_ZIP) VALUES ('24','Skip','Milesop','6-May-71','21-Feb-22','Male','4124275980','7135017392','smilesopn@hibu.com','Suite 95','10th Floor','Pittsburgh','Pennsylvania','United States','15286');
INSERT INTO CUSTOMER (CUSTOMER_ID,CUS_F_NAME,CUS_L_NAME,CUS_DOB,CUS_SINCE,CUS_GENDER,CUS_CONTACT_NO,CUS_ALTERNATE_NO,CUS_EMAIL_ID,CUS_ADDRESS_1,CUS_ADDRESS_2,CUS_CITY,CUS_STATE,CUS_COUNTRY,CUS_ZIP) VALUES ('25','Carlee','Lambal','3-Sep-63','3-Mar-22','Female','2093838840','3022987402','clambalo@boston.com','Room 1587','Suite 100','Stockton','California','United States','95205');
INSERT INTO CUSTOMER (CUSTOMER_ID,CUS_F_NAME,CUS_L_NAME,CUS_DOB,CUS_SINCE,CUS_GENDER,CUS_CONTACT_NO,CUS_ALTERNATE_NO,CUS_EMAIL_ID,CUS_ADDRESS_1,CUS_ADDRESS_2,CUS_CITY,CUS_STATE,CUS_COUNTRY,CUS_ZIP) VALUES ('26','Andres','Schiementz','7-Oct-96','11-Jun-21','Male','7275477632','9099022702','aschiementzp@slideshare.net','Suite 30','PO Box 55515','Saint Petersburg','Florida','United States','33737');
INSERT INTO CUSTOMER (CUSTOMER_ID,CUS_F_NAME,CUS_L_NAME,CUS_DOB,CUS_SINCE,CUS_GENDER,CUS_CONTACT_NO,CUS_ALTERNATE_NO,CUS_EMAIL_ID,CUS_ADDRESS_1,CUS_ADDRESS_2,CUS_CITY,CUS_STATE,CUS_COUNTRY,CUS_ZIP) VALUES ('27','Lind','Trobey','11-Mar-86','27-Jun-21','Male','4129477686','9541793477','ltrobeyq@ustream.tv','Apt 297','PO Box 86138','Pittsburgh','Pennsylvania','United States','15261');
INSERT INTO CUSTOMER (CUSTOMER_ID,CUS_F_NAME,CUS_L_NAME,CUS_DOB,CUS_SINCE,CUS_GENDER,CUS_CONTACT_NO,CUS_ALTERNATE_NO,CUS_EMAIL_ID,CUS_ADDRESS_1,CUS_ADDRESS_2,CUS_CITY,CUS_STATE,CUS_COUNTRY,CUS_ZIP) VALUES ('28','Solomon','Spiteri','12-May-73','7-Mar-22','Male','7577727943','2121190907','sspiterir@joomla.org','Apt 1471','Suite 8','Suffolk','Virginia','United States','23436');
INSERT INTO CUSTOMER (CUSTOMER_ID,CUS_F_NAME,CUS_L_NAME,CUS_DOB,CUS_SINCE,CUS_GENDER,CUS_CONTACT_NO,CUS_ALTERNATE_NO,CUS_EMAIL_ID,CUS_ADDRESS_1,CUS_ADDRESS_2,CUS_CITY,CUS_STATE,CUS_COUNTRY,CUS_ZIP) VALUES ('29','Onofredo','Cornwall','21-Jun-70','22-Jan-22','Male','3039341305','7276400112','ocornwalls@youtu.be','2nd Floor','Suite 73','Denver','Colorado','United States','80243');
INSERT INTO CUSTOMER (CUSTOMER_ID,CUS_F_NAME,CUS_L_NAME,CUS_DOB,CUS_SINCE,CUS_GENDER,CUS_CONTACT_NO,CUS_ALTERNATE_NO,CUS_EMAIL_ID,CUS_ADDRESS_1,CUS_ADDRESS_2,CUS_CITY,CUS_STATE,CUS_COUNTRY,CUS_ZIP) VALUES ('30','Wes','Geldard','24-Jan-84','6-Jun-21','Male','2549086471','6126592683','wgeldardt@webnode.com','Apt 1609','PO Box 1169','Waco','Texas','United States','76796');
INSERT INTO CUSTOMER (CUSTOMER_ID,CUS_F_NAME,CUS_L_NAME,CUS_DOB,CUS_SINCE,CUS_GENDER,CUS_CONTACT_NO,CUS_ALTERNATE_NO,CUS_EMAIL_ID,CUS_ADDRESS_1,CUS_ADDRESS_2,CUS_CITY,CUS_STATE,CUS_COUNTRY,CUS_ZIP) VALUES ('31','Adam','Laxon','4-May-97','17-Sep-21','Male','8014313415','8596968576','alaxonu@nyu.edu','PO Box 66187','Suite 60','Salt Lake City','Utah','United States','84140');
INSERT INTO CUSTOMER (CUSTOMER_ID,CUS_F_NAME,CUS_L_NAME,CUS_DOB,CUS_SINCE,CUS_GENDER,CUS_CONTACT_NO,CUS_ALTERNATE_NO,CUS_EMAIL_ID,CUS_ADDRESS_1,CUS_ADDRESS_2,CUS_CITY,CUS_STATE,CUS_COUNTRY,CUS_ZIP) VALUES ('32','Mitchell','Vidyapin','24-Feb-94','21-Mar-22','Male','8181183636','2141863041','mvidyapinv@flavors.me','15th Floor','Apt 1428','Glendale','California','United States','91205');
INSERT INTO CUSTOMER (CUSTOMER_ID,CUS_F_NAME,CUS_L_NAME,CUS_DOB,CUS_SINCE,CUS_GENDER,CUS_CONTACT_NO,CUS_ALTERNATE_NO,CUS_EMAIL_ID,CUS_ADDRESS_1,CUS_ADDRESS_2,CUS_CITY,CUS_STATE,CUS_COUNTRY,CUS_ZIP) VALUES ('33','Dene','Hedling','16-Oct-86','12-Feb-22','Male','2135943710','9127679012','dhedlingw@ehow.com','PO Box 58470','Apt 1480','Los Angeles','California','United States','90050');
INSERT INTO CUSTOMER (CUSTOMER_ID,CUS_F_NAME,CUS_L_NAME,CUS_DOB,CUS_SINCE,CUS_GENDER,CUS_CONTACT_NO,CUS_ALTERNATE_NO,CUS_EMAIL_ID,CUS_ADDRESS_1,CUS_ADDRESS_2,CUS_CITY,CUS_STATE,CUS_COUNTRY,CUS_ZIP) VALUES ('34','Barbabra','Belsham','24-Dec-73','20-Jul-21','Female','3121950578','5163745297','bbelshamx@miitbeian.gov.cn','Room 532','Apt 920','Chicago','Illinois','United States','60691');
INSERT INTO CUSTOMER (CUSTOMER_ID,CUS_F_NAME,CUS_L_NAME,CUS_DOB,CUS_SINCE,CUS_GENDER,CUS_CONTACT_NO,CUS_ALTERNATE_NO,CUS_EMAIL_ID,CUS_ADDRESS_1,CUS_ADDRESS_2,CUS_CITY,CUS_STATE,CUS_COUNTRY,CUS_ZIP) VALUES ('35','Ellene','Samarth','22-Dec-84','7-Nov-21','Female','6163085702','8047651174','esamarthy@simplemachines.org','17th Floor','Apt 1516','Grand Rapids','Michigan','United States','49510');
INSERT INTO CUSTOMER (CUSTOMER_ID,CUS_F_NAME,CUS_L_NAME,CUS_DOB,CUS_SINCE,CUS_GENDER,CUS_CONTACT_NO,CUS_ALTERNATE_NO,CUS_EMAIL_ID,CUS_ADDRESS_1,CUS_ADDRESS_2,CUS_CITY,CUS_STATE,CUS_COUNTRY,CUS_ZIP) VALUES ('36','Kial','Bushby','4-Nov-83','6-Sep-21','Female','9038741015','3154480916','kbushbyz@techcrunch.com','Suite 69','PO Box 94533','Tyler','Texas','United States','75799');
INSERT INTO CUSTOMER (CUSTOMER_ID,CUS_F_NAME,CUS_L_NAME,CUS_DOB,CUS_SINCE,CUS_GENDER,CUS_CONTACT_NO,CUS_ALTERNATE_NO,CUS_EMAIL_ID,CUS_ADDRESS_1,CUS_ADDRESS_2,CUS_CITY,CUS_STATE,CUS_COUNTRY,CUS_ZIP) VALUES ('37','Dael','Sara','13-Oct-65','19-Jun-21','Female','3306903414','9156713917','dsara10@free.fr','Suite 55','Suite 7','Canton','Ohio','United States','44705');
INSERT INTO CUSTOMER (CUSTOMER_ID,CUS_F_NAME,CUS_L_NAME,CUS_DOB,CUS_SINCE,CUS_GENDER,CUS_CONTACT_NO,CUS_ALTERNATE_NO,CUS_EMAIL_ID,CUS_ADDRESS_1,CUS_ADDRESS_2,CUS_CITY,CUS_STATE,CUS_COUNTRY,CUS_ZIP) VALUES ('38','Bevin','Dabbes','25-Feb-60','11-Nov-21','Male','8598522374','8145351758','bdabbes11@vistaprint.com','PO Box 51600','PO Box 56684','Lexington','Kentucky','United States','40591');
INSERT INTO CUSTOMER (CUSTOMER_ID,CUS_F_NAME,CUS_L_NAME,CUS_DOB,CUS_SINCE,CUS_GENDER,CUS_CONTACT_NO,CUS_ALTERNATE_NO,CUS_EMAIL_ID,CUS_ADDRESS_1,CUS_ADDRESS_2,CUS_CITY,CUS_STATE,CUS_COUNTRY,CUS_ZIP) VALUES ('39','Braden','Wadge','4-Aug-79','20-Aug-21','Male','2198733021','5048425165','bwadge12@ftc.gov','Suite 12','14th Floor','Gary','Indiana','United States','46406');
INSERT INTO CUSTOMER (CUSTOMER_ID,CUS_F_NAME,CUS_L_NAME,CUS_DOB,CUS_SINCE,CUS_GENDER,CUS_CONTACT_NO,CUS_ALTERNATE_NO,CUS_EMAIL_ID,CUS_ADDRESS_1,CUS_ADDRESS_2,CUS_CITY,CUS_STATE,CUS_COUNTRY,CUS_ZIP) VALUES ('40','Talbot','Ainge','12-Feb-77','21-Apr-21','Male','3187050709','3369917447','tainge13@mlb.com','Suite 16','Suite 29','Shreveport','Louisiana','United States','71130');
INSERT INTO CUSTOMER (CUSTOMER_ID,CUS_F_NAME,CUS_L_NAME,CUS_DOB,CUS_SINCE,CUS_GENDER,CUS_CONTACT_NO,CUS_ALTERNATE_NO,CUS_EMAIL_ID,CUS_ADDRESS_1,CUS_ADDRESS_2,CUS_CITY,CUS_STATE,CUS_COUNTRY,CUS_ZIP) VALUES ('41','Joycelin','Godart','1-Nov-57','2-May-21','Female','7206035656','6823694759','jgodart14@huffingtonpost.com','Room 1965','Apt 1668','Denver','Colorado','United States','80209');
INSERT INTO CUSTOMER (CUSTOMER_ID,CUS_F_NAME,CUS_L_NAME,CUS_DOB,CUS_SINCE,CUS_GENDER,CUS_CONTACT_NO,CUS_ALTERNATE_NO,CUS_EMAIL_ID,CUS_ADDRESS_1,CUS_ADDRESS_2,CUS_CITY,CUS_STATE,CUS_COUNTRY,CUS_ZIP) VALUES ('42','Annmarie','Need','22-Jan-79','1-Jan-22','Female','7345106398','6147697843','aneed15@craigslist.org','20th Floor','2nd Floor','Ann Arbor','Michigan','United States','48107');
INSERT INTO CUSTOMER (CUSTOMER_ID,CUS_F_NAME,CUS_L_NAME,CUS_DOB,CUS_SINCE,CUS_GENDER,CUS_CONTACT_NO,CUS_ALTERNATE_NO,CUS_EMAIL_ID,CUS_ADDRESS_1,CUS_ADDRESS_2,CUS_CITY,CUS_STATE,CUS_COUNTRY,CUS_ZIP) VALUES ('43','Agace','Kondratyuk','9-Dec-89','14-Mar-22','Female','2194344563','4157002456','akondratyuk16@posterous.com','PO Box 782','Suite 13','Gary','Indiana','United States','46406');
INSERT INTO CUSTOMER (CUSTOMER_ID,CUS_F_NAME,CUS_L_NAME,CUS_DOB,CUS_SINCE,CUS_GENDER,CUS_CONTACT_NO,CUS_ALTERNATE_NO,CUS_EMAIL_ID,CUS_ADDRESS_1,CUS_ADDRESS_2,CUS_CITY,CUS_STATE,CUS_COUNTRY,CUS_ZIP) VALUES ('44','Drusie','Weems','12-Apr-77','15-Jul-21','Female','2051884147','7183373940','dweems17@state.tx.us','Suite 30','13th Floor','Birmingham','Alabama','United States','35215');
INSERT INTO CUSTOMER (CUSTOMER_ID,CUS_F_NAME,CUS_L_NAME,CUS_DOB,CUS_SINCE,CUS_GENDER,CUS_CONTACT_NO,CUS_ALTERNATE_NO,CUS_EMAIL_ID,CUS_ADDRESS_1,CUS_ADDRESS_2,CUS_CITY,CUS_STATE,CUS_COUNTRY,CUS_ZIP) VALUES ('45','Yurik','Clavering','29-Jul-84','8-Mar-22','Male','2027935962','2405520925','yclavering18@usatoday.com','Suite 100','PO Box 71930','Washington','District of Columbia','United States','20425');
INSERT INTO CUSTOMER (CUSTOMER_ID,CUS_F_NAME,CUS_L_NAME,CUS_DOB,CUS_SINCE,CUS_GENDER,CUS_CONTACT_NO,CUS_ALTERNATE_NO,CUS_EMAIL_ID,CUS_ADDRESS_1,CUS_ADDRESS_2,CUS_CITY,CUS_STATE,CUS_COUNTRY,CUS_ZIP) VALUES ('46','Chicky','Swinburne','7-Mar-98','22-Aug-21','Female','2098622541','8653597733','cswinburne19@google.es','Room 849','PO Box 70882','Visalia','California','United States','93291');
INSERT INTO CUSTOMER (CUSTOMER_ID,CUS_F_NAME,CUS_L_NAME,CUS_DOB,CUS_SINCE,CUS_GENDER,CUS_CONTACT_NO,CUS_ALTERNATE_NO,CUS_EMAIL_ID,CUS_ADDRESS_1,CUS_ADDRESS_2,CUS_CITY,CUS_STATE,CUS_COUNTRY,CUS_ZIP) VALUES ('47','Jess','Kempton','30-Oct-66','29-Jul-21','Male','7861040541','5858915539','jkempton1a@google.cn','Suite 3','PO Box 98229','Miami','Florida','United States','33142');
INSERT INTO CUSTOMER (CUSTOMER_ID,CUS_F_NAME,CUS_L_NAME,CUS_DOB,CUS_SINCE,CUS_GENDER,CUS_CONTACT_NO,CUS_ALTERNATE_NO,CUS_EMAIL_ID,CUS_ADDRESS_1,CUS_ADDRESS_2,CUS_CITY,CUS_STATE,CUS_COUNTRY,CUS_ZIP) VALUES ('48','Gerald','Van Waadenburg','24-Jan-56','7-Dec-21','Male','9154696217','9151305446','gvanwaadenburg1b@mayoclinic.com','Room 156','Room 1320','El Paso','Texas','United States','79911');
INSERT INTO CUSTOMER (CUSTOMER_ID,CUS_F_NAME,CUS_L_NAME,CUS_DOB,CUS_SINCE,CUS_GENDER,CUS_CONTACT_NO,CUS_ALTERNATE_NO,CUS_EMAIL_ID,CUS_ADDRESS_1,CUS_ADDRESS_2,CUS_CITY,CUS_STATE,CUS_COUNTRY,CUS_ZIP) VALUES ('49','Daisy','Eberst','14-Jul-91','17-Jan-22','Female','3103422004','8108967558','deberst1c@ibm.com','Suite 48','2nd Floor','Palo Alto','California','United States','94302');
INSERT INTO CUSTOMER (CUSTOMER_ID,CUS_F_NAME,CUS_L_NAME,CUS_DOB,CUS_SINCE,CUS_GENDER,CUS_CONTACT_NO,CUS_ALTERNATE_NO,CUS_EMAIL_ID,CUS_ADDRESS_1,CUS_ADDRESS_2,CUS_CITY,CUS_STATE,CUS_COUNTRY,CUS_ZIP) VALUES ('50','Danie','Lydster','13-Feb-68','2-Aug-21','Male','7027815589','9087287548','dlydster1d@upenn.edu','Suite 78','9th Floor','Las Vegas','Nevada','United States','89130');
INSERT INTO CUSTOMER (CUSTOMER_ID,CUS_F_NAME,CUS_L_NAME,CUS_DOB,CUS_SINCE,CUS_GENDER,CUS_CONTACT_NO,CUS_ALTERNATE_NO,CUS_EMAIL_ID,CUS_ADDRESS_1,CUS_ADDRESS_2,CUS_CITY,CUS_STATE,CUS_COUNTRY,CUS_ZIP) VALUES ('51','Tova','Possell','24-Aug-67','24-Jul-21','Female','4191663007','8019199329','tpossell1e@vkontakte.ru','Apt 161','Apt 76','Toledo','Ohio','United States','43635');
INSERT INTO CUSTOMER (CUSTOMER_ID,CUS_F_NAME,CUS_L_NAME,CUS_DOB,CUS_SINCE,CUS_GENDER,CUS_CONTACT_NO,CUS_ALTERNATE_NO,CUS_EMAIL_ID,CUS_ADDRESS_1,CUS_ADDRESS_2,CUS_CITY,CUS_STATE,CUS_COUNTRY,CUS_ZIP) VALUES ('52','Alta','Donati','24-Aug-96','8-Oct-21','Female','3176246302','4126113484','adonati1f@umn.edu','17th Floor','Apt 988','Indianapolis','Indiana','United States','46221');
INSERT INTO CUSTOMER (CUSTOMER_ID,CUS_F_NAME,CUS_L_NAME,CUS_DOB,CUS_SINCE,CUS_GENDER,CUS_CONTACT_NO,CUS_ALTERNATE_NO,CUS_EMAIL_ID,CUS_ADDRESS_1,CUS_ADDRESS_2,CUS_CITY,CUS_STATE,CUS_COUNTRY,CUS_ZIP) VALUES ('53','Claudina','Diggell','4-Oct-71','30-Aug-21','Female','8016791020','8019646789','cdiggell1g@ow.ly','Room 1041','Room 824','Salt Lake City','Utah','United States','84189');
INSERT INTO CUSTOMER (CUSTOMER_ID,CUS_F_NAME,CUS_L_NAME,CUS_DOB,CUS_SINCE,CUS_GENDER,CUS_CONTACT_NO,CUS_ALTERNATE_NO,CUS_EMAIL_ID,CUS_ADDRESS_1,CUS_ADDRESS_2,CUS_CITY,CUS_STATE,CUS_COUNTRY,CUS_ZIP) VALUES ('54','Kathye','Brimble','1-Oct-90','26-Jan-22','Female','3024315806','9131814966','kbrimble1h@ovh.net','PO Box 24168','20th Floor','Wilmington','Delaware','United States','19886');
INSERT INTO CUSTOMER (CUSTOMER_ID,CUS_F_NAME,CUS_L_NAME,CUS_DOB,CUS_SINCE,CUS_GENDER,CUS_CONTACT_NO,CUS_ALTERNATE_NO,CUS_EMAIL_ID,CUS_ADDRESS_1,CUS_ADDRESS_2,CUS_CITY,CUS_STATE,CUS_COUNTRY,CUS_ZIP) VALUES ('55','Godfree','McEwen','4-Feb-81','23-Dec-21','Male','8657347284','2171797231','gmcewen1i@gnu.org','18th Floor','Room 306','Knoxville','Tennessee','United States','37914');
INSERT INTO CUSTOMER (CUSTOMER_ID,CUS_F_NAME,CUS_L_NAME,CUS_DOB,CUS_SINCE,CUS_GENDER,CUS_CONTACT_NO,CUS_ALTERNATE_NO,CUS_EMAIL_ID,CUS_ADDRESS_1,CUS_ADDRESS_2,CUS_CITY,CUS_STATE,CUS_COUNTRY,CUS_ZIP) VALUES ('56','Fleming','Selwyne','20-Apr-75','21-Jul-21','Male','5401691415','4042909811','fselwyne1j@sfgate.com','Apt 1950','Apt 220','Roanoke','Virginia','United States','24020');
INSERT INTO CUSTOMER (CUSTOMER_ID,CUS_F_NAME,CUS_L_NAME,CUS_DOB,CUS_SINCE,CUS_GENDER,CUS_CONTACT_NO,CUS_ALTERNATE_NO,CUS_EMAIL_ID,CUS_ADDRESS_1,CUS_ADDRESS_2,CUS_CITY,CUS_STATE,CUS_COUNTRY,CUS_ZIP) VALUES ('57','Carlita','Zimek','12-Apr-60','28-Oct-21','Female','9155848441','8649160250','czimek1k@goodreads.com','PO Box 90784','Room 1477','El Paso','Texas','United States','79994');
INSERT INTO CUSTOMER (CUSTOMER_ID,CUS_F_NAME,CUS_L_NAME,CUS_DOB,CUS_SINCE,CUS_GENDER,CUS_CONTACT_NO,CUS_ALTERNATE_NO,CUS_EMAIL_ID,CUS_ADDRESS_1,CUS_ADDRESS_2,CUS_CITY,CUS_STATE,CUS_COUNTRY,CUS_ZIP) VALUES ('58','Blinny','Yoxall','13-Apr-73','20-Feb-22','Female','8058139624','5614632116','byoxall1l@gmpg.org','Suite 9','19th Floor','Van Nuys','California','United States','91406');
INSERT INTO CUSTOMER (CUSTOMER_ID,CUS_F_NAME,CUS_L_NAME,CUS_DOB,CUS_SINCE,CUS_GENDER,CUS_CONTACT_NO,CUS_ALTERNATE_NO,CUS_EMAIL_ID,CUS_ADDRESS_1,CUS_ADDRESS_2,CUS_CITY,CUS_STATE,CUS_COUNTRY,CUS_ZIP) VALUES ('59','Lurline','Palmby','12-Feb-78','26-Aug-21','Female','4061646717','8068259979','lpalmby1m@gravatar.com','Room 1099','Suite 29','Billings','Montana','United States','59112');
INSERT INTO CUSTOMER (CUSTOMER_ID,CUS_F_NAME,CUS_L_NAME,CUS_DOB,CUS_SINCE,CUS_GENDER,CUS_CONTACT_NO,CUS_ALTERNATE_NO,CUS_EMAIL_ID,CUS_ADDRESS_1,CUS_ADDRESS_2,CUS_CITY,CUS_STATE,CUS_COUNTRY,CUS_ZIP) VALUES ('60','Beniamino','Skivington','12-Dec-64','19-Oct-21','Male','2515488709','8134704707','bskivington1n@weibo.com','9th Floor','20th Floor','Mobile','Alabama','United States','36622');
INSERT INTO CUSTOMER (CUSTOMER_ID,CUS_F_NAME,CUS_L_NAME,CUS_DOB,CUS_SINCE,CUS_GENDER,CUS_CONTACT_NO,CUS_ALTERNATE_NO,CUS_EMAIL_ID,CUS_ADDRESS_1,CUS_ADDRESS_2,CUS_CITY,CUS_STATE,CUS_COUNTRY,CUS_ZIP) VALUES ('61','Dill','Tesimon','17-Jan-92','5-May-21','Male','9157837864','6465220491','dtesimon1o@economist.com','Apt 977','PO Box 39020','El Paso','Texas','United States','88569');
INSERT INTO CUSTOMER (CUSTOMER_ID,CUS_F_NAME,CUS_L_NAME,CUS_DOB,CUS_SINCE,CUS_GENDER,CUS_CONTACT_NO,CUS_ALTERNATE_NO,CUS_EMAIL_ID,CUS_ADDRESS_1,CUS_ADDRESS_2,CUS_CITY,CUS_STATE,CUS_COUNTRY,CUS_ZIP) VALUES ('62','Giorgio','Munro','27-Mar-68','13-May-21','Male','2023364450','4072131702','gmunro1p@wikia.com','Apt 161','Apt 496','Washington','District of Columbia','United States','20078');
INSERT INTO CUSTOMER (CUSTOMER_ID,CUS_F_NAME,CUS_L_NAME,CUS_DOB,CUS_SINCE,CUS_GENDER,CUS_CONTACT_NO,CUS_ALTERNATE_NO,CUS_EMAIL_ID,CUS_ADDRESS_1,CUS_ADDRESS_2,CUS_CITY,CUS_STATE,CUS_COUNTRY,CUS_ZIP) VALUES ('63','Corbett','MacCrackan','1-Apr-88','4-May-21','Male','7735685823','3184739558','cmaccrackan1q@amazonaws.com','Apt 1705','11th Floor','Chicago','Illinois','United States','60609');
INSERT INTO CUSTOMER (CUSTOMER_ID,CUS_F_NAME,CUS_L_NAME,CUS_DOB,CUS_SINCE,CUS_GENDER,CUS_CONTACT_NO,CUS_ALTERNATE_NO,CUS_EMAIL_ID,CUS_ADDRESS_1,CUS_ADDRESS_2,CUS_CITY,CUS_STATE,CUS_COUNTRY,CUS_ZIP) VALUES ('64','Jannelle','Itskovitz','4-Dec-74','12-Apr-21','Female','3035272762','2185518433','jitskovitz1r@desdev.cn','PO Box 10236','14th Floor','Boulder','Colorado','United States','80328');
INSERT INTO CUSTOMER (CUSTOMER_ID,CUS_F_NAME,CUS_L_NAME,CUS_DOB,CUS_SINCE,CUS_GENDER,CUS_CONTACT_NO,CUS_ALTERNATE_NO,CUS_EMAIL_ID,CUS_ADDRESS_1,CUS_ADDRESS_2,CUS_CITY,CUS_STATE,CUS_COUNTRY,CUS_ZIP) VALUES ('65','Worthington','Rehorek','30-Aug-86','16-Apr-21','Male','8605557674','2147862825','wrehorek1s@cmu.edu','11th Floor','Apt 47','Hartford','Connecticut','United States','6160');
INSERT INTO CUSTOMER (CUSTOMER_ID,CUS_F_NAME,CUS_L_NAME,CUS_DOB,CUS_SINCE,CUS_GENDER,CUS_CONTACT_NO,CUS_ALTERNATE_NO,CUS_EMAIL_ID,CUS_ADDRESS_1,CUS_ADDRESS_2,CUS_CITY,CUS_STATE,CUS_COUNTRY,CUS_ZIP) VALUES ('66','Meade','Iacobini','15-Oct-90','14-Mar-22','Female','8163830597','9523233682','miacobini1t@naver.com','Suite 11','PO Box 17937','Kansas City','Missouri','United States','64149');
INSERT INTO CUSTOMER (CUSTOMER_ID,CUS_F_NAME,CUS_L_NAME,CUS_DOB,CUS_SINCE,CUS_GENDER,CUS_CONTACT_NO,CUS_ALTERNATE_NO,CUS_EMAIL_ID,CUS_ADDRESS_1,CUS_ADDRESS_2,CUS_CITY,CUS_STATE,CUS_COUNTRY,CUS_ZIP) VALUES ('67','Ferd','Hussell','8-Jul-81','13-Mar-22','Male','4237860272','9129400068','fhussell1u@amazon.com','13th Floor','8th Floor','Chattanooga','Tennessee','United States','37450');
INSERT INTO CUSTOMER (CUSTOMER_ID,CUS_F_NAME,CUS_L_NAME,CUS_DOB,CUS_SINCE,CUS_GENDER,CUS_CONTACT_NO,CUS_ALTERNATE_NO,CUS_EMAIL_ID,CUS_ADDRESS_1,CUS_ADDRESS_2,CUS_CITY,CUS_STATE,CUS_COUNTRY,CUS_ZIP) VALUES ('68','Ellene','Cheson','14-Dec-81','31-Jul-21','Female','8139969858','7142486438','echeson1v@guardian.co.uk','Apt 759','Apt 1513','Clearwater','Florida','United States','33758');
INSERT INTO CUSTOMER (CUSTOMER_ID,CUS_F_NAME,CUS_L_NAME,CUS_DOB,CUS_SINCE,CUS_GENDER,CUS_CONTACT_NO,CUS_ALTERNATE_NO,CUS_EMAIL_ID,CUS_ADDRESS_1,CUS_ADDRESS_2,CUS_CITY,CUS_STATE,CUS_COUNTRY,CUS_ZIP) VALUES ('69','Tybi','Leavens','2-Aug-93','9-May-21','Female','8301844767','3237343795','tleavens1w@craigslist.org','Room 1006','Apt 1035','San Antonio','Texas','United States','78245');
INSERT INTO CUSTOMER (CUSTOMER_ID,CUS_F_NAME,CUS_L_NAME,CUS_DOB,CUS_SINCE,CUS_GENDER,CUS_CONTACT_NO,CUS_ALTERNATE_NO,CUS_EMAIL_ID,CUS_ADDRESS_1,CUS_ADDRESS_2,CUS_CITY,CUS_STATE,CUS_COUNTRY,CUS_ZIP) VALUES ('70','Elissa','Brindle','19-Apr-95','9-Sep-21','Female','9514660274','2516331939','ebrindle1x@goo.ne.jp','Room 384','Suite 81','Moreno Valley','California','United States','92555');
INSERT INTO CUSTOMER (CUSTOMER_ID,CUS_F_NAME,CUS_L_NAME,CUS_DOB,CUS_SINCE,CUS_GENDER,CUS_CONTACT_NO,CUS_ALTERNATE_NO,CUS_EMAIL_ID,CUS_ADDRESS_1,CUS_ADDRESS_2,CUS_CITY,CUS_STATE,CUS_COUNTRY,CUS_ZIP) VALUES ('71','Dennie','Nehl','25-Oct-81','9-Nov-21','Male','4085674820','8641580626','dnehl1y@shinystat.com','PO Box 99653','Room 1612','San Jose','California','United States','95108');
INSERT INTO CUSTOMER (CUSTOMER_ID,CUS_F_NAME,CUS_L_NAME,CUS_DOB,CUS_SINCE,CUS_GENDER,CUS_CONTACT_NO,CUS_ALTERNATE_NO,CUS_EMAIL_ID,CUS_ADDRESS_1,CUS_ADDRESS_2,CUS_CITY,CUS_STATE,CUS_COUNTRY,CUS_ZIP) VALUES ('72','Estrellita','Mault','1-Oct-62','12-Dec-21','Female','5209760227','8568899613','emault1z@nhs.uk','PO Box 7063','Room 386','Tucson','Arizona','United States','85754');
INSERT INTO CUSTOMER (CUSTOMER_ID,CUS_F_NAME,CUS_L_NAME,CUS_DOB,CUS_SINCE,CUS_GENDER,CUS_CONTACT_NO,CUS_ALTERNATE_NO,CUS_EMAIL_ID,CUS_ADDRESS_1,CUS_ADDRESS_2,CUS_CITY,CUS_STATE,CUS_COUNTRY,CUS_ZIP) VALUES ('73','Page','Coen','30-Dec-95','5-Nov-21','Female','2316600126','7185794793','pcoen20@abc.net.au','PO Box 2063','4th Floor','Muskegon','Michigan','United States','49444');
INSERT INTO CUSTOMER (CUSTOMER_ID,CUS_F_NAME,CUS_L_NAME,CUS_DOB,CUS_SINCE,CUS_GENDER,CUS_CONTACT_NO,CUS_ALTERNATE_NO,CUS_EMAIL_ID,CUS_ADDRESS_1,CUS_ADDRESS_2,CUS_CITY,CUS_STATE,CUS_COUNTRY,CUS_ZIP) VALUES ('74','Ludvig','Tomek','11-Oct-70','7-Mar-22','Male','4065086944','6618736377','ltomek21@ibm.com','PO Box 123','Suite 100','Bozeman','Montana','United States','59771');
INSERT INTO CUSTOMER (CUSTOMER_ID,CUS_F_NAME,CUS_L_NAME,CUS_DOB,CUS_SINCE,CUS_GENDER,CUS_CONTACT_NO,CUS_ALTERNATE_NO,CUS_EMAIL_ID,CUS_ADDRESS_1,CUS_ADDRESS_2,CUS_CITY,CUS_STATE,CUS_COUNTRY,CUS_ZIP) VALUES ('75','Alric','MacCague','20-Dec-65','30-Oct-21','Male','7182537842','5863487867','amaccague22@people.com.cn','20th Floor','7th Floor','Jamaica','New York','United States','11436');
INSERT INTO CUSTOMER (CUSTOMER_ID,CUS_F_NAME,CUS_L_NAME,CUS_DOB,CUS_SINCE,CUS_GENDER,CUS_CONTACT_NO,CUS_ALTERNATE_NO,CUS_EMAIL_ID,CUS_ADDRESS_1,CUS_ADDRESS_2,CUS_CITY,CUS_STATE,CUS_COUNTRY,CUS_ZIP) VALUES ('76','Legra','Squier','14-Jun-98','15-Aug-21','Female','2103124718','6176648024','lsquier23@omniture.com','Apt 551','19th Floor','San Antonio','Texas','United States','78250');
INSERT INTO CUSTOMER (CUSTOMER_ID,CUS_F_NAME,CUS_L_NAME,CUS_DOB,CUS_SINCE,CUS_GENDER,CUS_CONTACT_NO,CUS_ALTERNATE_NO,CUS_EMAIL_ID,CUS_ADDRESS_1,CUS_ADDRESS_2,CUS_CITY,CUS_STATE,CUS_COUNTRY,CUS_ZIP) VALUES ('77','Jonathan','Orto','25-Mar-90','8-Oct-21','Male','7273647709','6198599781','jorto24@yolasite.com','PO Box 4882','PO Box 72554','Largo','Florida','United States','34643');
INSERT INTO CUSTOMER (CUSTOMER_ID,CUS_F_NAME,CUS_L_NAME,CUS_DOB,CUS_SINCE,CUS_GENDER,CUS_CONTACT_NO,CUS_ALTERNATE_NO,CUS_EMAIL_ID,CUS_ADDRESS_1,CUS_ADDRESS_2,CUS_CITY,CUS_STATE,CUS_COUNTRY,CUS_ZIP) VALUES ('78','Beverie','Jandac','9-Jun-60','16-Oct-21','Female','5127812426','7177560034','bjandac25@google.com.hk','Apt 379','PO Box 98439','Austin','Texas','United States','78769');
INSERT INTO CUSTOMER (CUSTOMER_ID,CUS_F_NAME,CUS_L_NAME,CUS_DOB,CUS_SINCE,CUS_GENDER,CUS_CONTACT_NO,CUS_ALTERNATE_NO,CUS_EMAIL_ID,CUS_ADDRESS_1,CUS_ADDRESS_2,CUS_CITY,CUS_STATE,CUS_COUNTRY,CUS_ZIP) VALUES ('79','Vivianna','Stanner','23-Dec-65','21-Nov-21','Female','9157778662','8088805263','vstanner26@intel.com','Apt 72','PO Box 70487','El Paso','Texas','United States','79999');
INSERT INTO CUSTOMER (CUSTOMER_ID,CUS_F_NAME,CUS_L_NAME,CUS_DOB,CUS_SINCE,CUS_GENDER,CUS_CONTACT_NO,CUS_ALTERNATE_NO,CUS_EMAIL_ID,CUS_ADDRESS_1,CUS_ADDRESS_2,CUS_CITY,CUS_STATE,CUS_COUNTRY,CUS_ZIP) VALUES ('80','Gwen','Garrud','27-Jun-56','26-Nov-21','Female','2166957040','4694957015','ggarrud27@wordpress.org','PO Box 62292','Room 565','Cleveland','Ohio','United States','44118');
INSERT INTO CUSTOMER (CUSTOMER_ID,CUS_F_NAME,CUS_L_NAME,CUS_DOB,CUS_SINCE,CUS_GENDER,CUS_CONTACT_NO,CUS_ALTERNATE_NO,CUS_EMAIL_ID,CUS_ADDRESS_1,CUS_ADDRESS_2,CUS_CITY,CUS_STATE,CUS_COUNTRY,CUS_ZIP) VALUES ('81','Cynthy','Merigon','11-Jul-74','9-Apr-21','Female','6104212169','4023860700','cmerigon28@imdb.com','16th Floor','10th Floor','Philadelphia','Pennsylvania','United States','19151');
INSERT INTO CUSTOMER (CUSTOMER_ID,CUS_F_NAME,CUS_L_NAME,CUS_DOB,CUS_SINCE,CUS_GENDER,CUS_CONTACT_NO,CUS_ALTERNATE_NO,CUS_EMAIL_ID,CUS_ADDRESS_1,CUS_ADDRESS_2,CUS_CITY,CUS_STATE,CUS_COUNTRY,CUS_ZIP) VALUES ('82','Mahmoud','Bryenton','10-Apr-90','5-Mar-22','Male','5032769213','6266084240','mbryenton29@sourceforge.net','Suite 45','Suite 59','Salem','Oregon','United States','97306');
INSERT INTO CUSTOMER (CUSTOMER_ID,CUS_F_NAME,CUS_L_NAME,CUS_DOB,CUS_SINCE,CUS_GENDER,CUS_CONTACT_NO,CUS_ALTERNATE_NO,CUS_EMAIL_ID,CUS_ADDRESS_1,CUS_ADDRESS_2,CUS_CITY,CUS_STATE,CUS_COUNTRY,CUS_ZIP) VALUES ('83','Madelene','Sidlow','29-Jul-76','18-Dec-21','Female','5136737786','8634617894','msidlow2a@discovery.com','Apt 407','14th Floor','Cincinnati','Ohio','United States','45233');
INSERT INTO CUSTOMER (CUSTOMER_ID,CUS_F_NAME,CUS_L_NAME,CUS_DOB,CUS_SINCE,CUS_GENDER,CUS_CONTACT_NO,CUS_ALTERNATE_NO,CUS_EMAIL_ID,CUS_ADDRESS_1,CUS_ADDRESS_2,CUS_CITY,CUS_STATE,CUS_COUNTRY,CUS_ZIP) VALUES ('84','Trina','Brenston','15-May-64','4-Jun-21','Female','8169458826','2121046404','tbrenston2b@nih.gov','Apt 996','Apt 1594','Kansas City','Missouri','United States','64136');
INSERT INTO CUSTOMER (CUSTOMER_ID,CUS_F_NAME,CUS_L_NAME,CUS_DOB,CUS_SINCE,CUS_GENDER,CUS_CONTACT_NO,CUS_ALTERNATE_NO,CUS_EMAIL_ID,CUS_ADDRESS_1,CUS_ADDRESS_2,CUS_CITY,CUS_STATE,CUS_COUNTRY,CUS_ZIP) VALUES ('85','Donna','Brandsen','15-Mar-66','25-Aug-21','Female','8605393172','2026518128','dbrandsen2c@zdnet.com','Room 1591','Apt 405','Hartford','Connecticut','United States','6145');
INSERT INTO CUSTOMER (CUSTOMER_ID,CUS_F_NAME,CUS_L_NAME,CUS_DOB,CUS_SINCE,CUS_GENDER,CUS_CONTACT_NO,CUS_ALTERNATE_NO,CUS_EMAIL_ID,CUS_ADDRESS_1,CUS_ADDRESS_2,CUS_CITY,CUS_STATE,CUS_COUNTRY,CUS_ZIP) VALUES ('86','Aymer','Didball','8-Dec-85','20-Dec-21','Male','6052789016','6022452855','adidball2d@soundcloud.com','Suite 97','PO Box 63191','Sioux Falls','South Dakota','United States','57105');
INSERT INTO CUSTOMER (CUSTOMER_ID,CUS_F_NAME,CUS_L_NAME,CUS_DOB,CUS_SINCE,CUS_GENDER,CUS_CONTACT_NO,CUS_ALTERNATE_NO,CUS_EMAIL_ID,CUS_ADDRESS_1,CUS_ADDRESS_2,CUS_CITY,CUS_STATE,CUS_COUNTRY,CUS_ZIP) VALUES ('87','Mal','Pearmain','1-Sep-80','17-Sep-21','Male','5183733438','7204325959','mpearmain2e@bbb.org','20th Floor','Apt 1457','Albany','New York','United States','12262');
INSERT INTO CUSTOMER (CUSTOMER_ID,CUS_F_NAME,CUS_L_NAME,CUS_DOB,CUS_SINCE,CUS_GENDER,CUS_CONTACT_NO,CUS_ALTERNATE_NO,CUS_EMAIL_ID,CUS_ADDRESS_1,CUS_ADDRESS_2,CUS_CITY,CUS_STATE,CUS_COUNTRY,CUS_ZIP) VALUES ('88','Erik','Monnoyer','27-May-72','24-Jan-22','Male','8055914631','4144218496','emonnoyer2f@rakuten.co.jp','Room 1878','Room 1842','San Luis Obispo','California','United States','93407');
INSERT INTO CUSTOMER (CUSTOMER_ID,CUS_F_NAME,CUS_L_NAME,CUS_DOB,CUS_SINCE,CUS_GENDER,CUS_CONTACT_NO,CUS_ALTERNATE_NO,CUS_EMAIL_ID,CUS_ADDRESS_1,CUS_ADDRESS_2,CUS_CITY,CUS_STATE,CUS_COUNTRY,CUS_ZIP) VALUES ('89','Anestassia','Broxton','16-Jan-76','21-Nov-21','Female','3166253734','5156720931','abroxton2g@europa.eu','Suite 52','Room 1003','Wichita','Kansas','United States','67205');
INSERT INTO CUSTOMER (CUSTOMER_ID,CUS_F_NAME,CUS_L_NAME,CUS_DOB,CUS_SINCE,CUS_GENDER,CUS_CONTACT_NO,CUS_ALTERNATE_NO,CUS_EMAIL_ID,CUS_ADDRESS_1,CUS_ADDRESS_2,CUS_CITY,CUS_STATE,CUS_COUNTRY,CUS_ZIP) VALUES ('90','Jillane','Clemens','12-Feb-66','4-Apr-21','Female','2143734381','8594985837','jclemens2h@ow.ly','Suite 87','Room 1348','Dallas','Texas','United States','75251');
INSERT INTO CUSTOMER (CUSTOMER_ID,CUS_F_NAME,CUS_L_NAME,CUS_DOB,CUS_SINCE,CUS_GENDER,CUS_CONTACT_NO,CUS_ALTERNATE_NO,CUS_EMAIL_ID,CUS_ADDRESS_1,CUS_ADDRESS_2,CUS_CITY,CUS_STATE,CUS_COUNTRY,CUS_ZIP) VALUES ('91','Friedrick','Jeaycock','21-Nov-64','16-Apr-21','Male','6028564954','3252406878','fjeaycock2i@altervista.org','PO Box 54323','Room 242','Phoenix','Arizona','United States','85072');
INSERT INTO CUSTOMER (CUSTOMER_ID,CUS_F_NAME,CUS_L_NAME,CUS_DOB,CUS_SINCE,CUS_GENDER,CUS_CONTACT_NO,CUS_ALTERNATE_NO,CUS_EMAIL_ID,CUS_ADDRESS_1,CUS_ADDRESS_2,CUS_CITY,CUS_STATE,CUS_COUNTRY,CUS_ZIP) VALUES ('92','Drake','Hatliff','12-Jun-82','6-Apr-21','Male','9733051834','5719714374','dhatliff2j@independent.co.uk','Room 1905','10th Floor','Newark','New Jersey','United States','7104');
INSERT INTO CUSTOMER (CUSTOMER_ID,CUS_F_NAME,CUS_L_NAME,CUS_DOB,CUS_SINCE,CUS_GENDER,CUS_CONTACT_NO,CUS_ALTERNATE_NO,CUS_EMAIL_ID,CUS_ADDRESS_1,CUS_ADDRESS_2,CUS_CITY,CUS_STATE,CUS_COUNTRY,CUS_ZIP) VALUES ('93','Giacobo','Tremathick','26-Feb-68','22-Jan-22','Male','5124634747','9134745846','gtremathick2k@walmart.com','PO Box 83023','PO Box 59722','Austin','Texas','United States','78759');
INSERT INTO CUSTOMER (CUSTOMER_ID,CUS_F_NAME,CUS_L_NAME,CUS_DOB,CUS_SINCE,CUS_GENDER,CUS_CONTACT_NO,CUS_ALTERNATE_NO,CUS_EMAIL_ID,CUS_ADDRESS_1,CUS_ADDRESS_2,CUS_CITY,CUS_STATE,CUS_COUNTRY,CUS_ZIP) VALUES ('94','Dimitry','Napleton','4-Apr-76','7-Jun-21','Male','5152598071','3031567252','dnapleton2l@gov.uk','4th Floor','Room 1564','Des Moines','Iowa','United States','50362');
INSERT INTO CUSTOMER (CUSTOMER_ID,CUS_F_NAME,CUS_L_NAME,CUS_DOB,CUS_SINCE,CUS_GENDER,CUS_CONTACT_NO,CUS_ALTERNATE_NO,CUS_EMAIL_ID,CUS_ADDRESS_1,CUS_ADDRESS_2,CUS_CITY,CUS_STATE,CUS_COUNTRY,CUS_ZIP) VALUES ('95','Andres','Lilbourne','29-Nov-70','3-Dec-21','Male','9528385715','9716373021','alilbourne2m@state.tx.us','11th Floor','11th Floor','Young America','Minnesota','United States','55557');
INSERT INTO CUSTOMER (CUSTOMER_ID,CUS_F_NAME,CUS_L_NAME,CUS_DOB,CUS_SINCE,CUS_GENDER,CUS_CONTACT_NO,CUS_ALTERNATE_NO,CUS_EMAIL_ID,CUS_ADDRESS_1,CUS_ADDRESS_2,CUS_CITY,CUS_STATE,CUS_COUNTRY,CUS_ZIP) VALUES ('96','Tedra','Cocklie','9-Jan-91','12-Feb-22','Female','7705119863','4121432137','tcocklie2n@blogger.com','Apt 1659','Room 1110','Atlanta','Georgia','United States','30323');
INSERT INTO CUSTOMER (CUSTOMER_ID,CUS_F_NAME,CUS_L_NAME,CUS_DOB,CUS_SINCE,CUS_GENDER,CUS_CONTACT_NO,CUS_ALTERNATE_NO,CUS_EMAIL_ID,CUS_ADDRESS_1,CUS_ADDRESS_2,CUS_CITY,CUS_STATE,CUS_COUNTRY,CUS_ZIP) VALUES ('97','Jecho','Gouge','24-Dec-86','7-Mar-22','Male','5134841136','4064615387','jgouge2o@oakley.com','15th Floor','Room 305','Dayton','Ohio','United States','45419');
INSERT INTO CUSTOMER (CUSTOMER_ID,CUS_F_NAME,CUS_L_NAME,CUS_DOB,CUS_SINCE,CUS_GENDER,CUS_CONTACT_NO,CUS_ALTERNATE_NO,CUS_EMAIL_ID,CUS_ADDRESS_1,CUS_ADDRESS_2,CUS_CITY,CUS_STATE,CUS_COUNTRY,CUS_ZIP) VALUES ('98','Ainslie','Suttill','3-Jan-74','5-Nov-21','Female','8049672747','5209372308','asuttill2p@accuweather.com','Suite 27','Suite 62','Richmond','Virginia','United States','23242');
INSERT INTO CUSTOMER (CUSTOMER_ID,CUS_F_NAME,CUS_L_NAME,CUS_DOB,CUS_SINCE,CUS_GENDER,CUS_CONTACT_NO,CUS_ALTERNATE_NO,CUS_EMAIL_ID,CUS_ADDRESS_1,CUS_ADDRESS_2,CUS_CITY,CUS_STATE,CUS_COUNTRY,CUS_ZIP) VALUES ('99','Aldin','Deme','7-Jun-61','15-Feb-22','Male','5403546157','2026690044','ademe2q@google.ru','19th Floor','PO Box 10893','Roanoke','Virginia','United States','24040');
INSERT INTO CUSTOMER (CUSTOMER_ID,CUS_F_NAME,CUS_L_NAME,CUS_DOB,CUS_SINCE,CUS_GENDER,CUS_CONTACT_NO,CUS_ALTERNATE_NO,CUS_EMAIL_ID,CUS_ADDRESS_1,CUS_ADDRESS_2,CUS_CITY,CUS_STATE,CUS_COUNTRY,CUS_ZIP) VALUES ('100','Stanfield','Treven','19-Feb-88','24-Mar-22','Male','7572589126','5629304388','streven2r@census.gov','Suite 48','PO Box 12117','Virginia Beach','Virginia','United States','23471');
 
-----------------------------INSERT INTO ADMIN---------------------------------------

INSERT INTO ADMIN (ADMIN_ID,ADMIN_F_NAME,ADMIN_L_NAME,ADMIN_DOB,ADMIN_SINCE,ADMIN_EMAIL_ID,ADMIN_CONTACT_NO) VALUES ('1','Hildy','Orcas','27-FEB-1982','03-DEC-2021','horcas0@time.com','5375487898');
INSERT INTO ADMIN (ADMIN_ID,ADMIN_F_NAME,ADMIN_L_NAME,ADMIN_DOB,ADMIN_SINCE,ADMIN_EMAIL_ID,ADMIN_CONTACT_NO) VALUES ('2','Charin','Caddens','23-DEC-1970','29-AUG-2021','ccaddens1@google.cn','9963637077');
INSERT INTO ADMIN (ADMIN_ID,ADMIN_F_NAME,ADMIN_L_NAME,ADMIN_DOB,ADMIN_SINCE,ADMIN_EMAIL_ID,ADMIN_CONTACT_NO) VALUES ('3','Adrian','Pirazzi','16-SEP-1961','10-FEB-2022','apirazzi2@icq.com','1024695303');
INSERT INTO ADMIN (ADMIN_ID,ADMIN_F_NAME,ADMIN_L_NAME,ADMIN_DOB,ADMIN_SINCE,ADMIN_EMAIL_ID,ADMIN_CONTACT_NO) VALUES ('4','Aubry','Bhar','13-JUN-1959','01-AUG-2022','abhar3@dmoz.org','9492125519');
INSERT INTO ADMIN (ADMIN_ID,ADMIN_F_NAME,ADMIN_L_NAME,ADMIN_DOB,ADMIN_SINCE,ADMIN_EMAIL_ID,ADMIN_CONTACT_NO) VALUES ('5','Cory','Scally','01-NOV-1985','21-APR-2021','cscally4@blinklist.com','3896879725');
INSERT INTO ADMIN (ADMIN_ID,ADMIN_F_NAME,ADMIN_L_NAME,ADMIN_DOB,ADMIN_SINCE,ADMIN_EMAIL_ID,ADMIN_CONTACT_NO) VALUES ('6','Melesa','Paviour','11-JUN-1972','27-NOV-2021','mpaviour5@amazon.de','2527286866');
INSERT INTO ADMIN (ADMIN_ID,ADMIN_F_NAME,ADMIN_L_NAME,ADMIN_DOB,ADMIN_SINCE,ADMIN_EMAIL_ID,ADMIN_CONTACT_NO) VALUES ('7','Georgi','Dowling','04-MAY-1968','02-APR-2021','gdowling6@baidu.com','4605924380');
INSERT INTO ADMIN (ADMIN_ID,ADMIN_F_NAME,ADMIN_L_NAME,ADMIN_DOB,ADMIN_SINCE,ADMIN_EMAIL_ID,ADMIN_CONTACT_NO) VALUES ('8','Thaddus','Dummigan','11-FEB-1961','27-AUG-2022','tdummigan7@google.ru','1271461160');
INSERT INTO ADMIN (ADMIN_ID,ADMIN_F_NAME,ADMIN_L_NAME,ADMIN_DOB,ADMIN_SINCE,ADMIN_EMAIL_ID,ADMIN_CONTACT_NO) VALUES ('9','Nobe','Goodridge','16-SEP-1956','27-OCT-2021','ngoodridge8@imgur.com','5575458184');
INSERT INTO ADMIN (ADMIN_ID,ADMIN_F_NAME,ADMIN_L_NAME,ADMIN_DOB,ADMIN_SINCE,ADMIN_EMAIL_ID,ADMIN_CONTACT_NO) VALUES ('10','Harald','Coull','03-MAY-1972','13-MAY-2021','hcoull9@springer.com','1806885012');

-----------------------------INSERT INTO SUPPLIER---------------------------------------

INSERT INTO SUPPLIERS (SUPPLIER_ID,SUPPLIER_NAME,SUPPLIER_CONTACT_NO,SUPPLIER_EMAIL_ID,SUPPLIER_ADDRESS_1,SUPPLIER_ADDRESS_2,SUPPLIER_CITY,SUPPLIER_STATE,SUPPLIER_ZIP,SUPPLIER_SINCE) VALUES ('1','Sipes-Toy INC','2548741434','sstittle0@twitpic.com','PO Box 66198','Room 1106','Killeen','Texas','76544','07-JAN-2022');
INSERT INTO SUPPLIERS (SUPPLIER_ID,SUPPLIER_NAME,SUPPLIER_CONTACT_NO,SUPPLIER_EMAIL_ID,SUPPLIER_ADDRESS_1,SUPPLIER_ADDRESS_2,SUPPLIER_CITY,SUPPLIER_STATE,SUPPLIER_ZIP,SUPPLIER_SINCE) VALUES ('2','Rogahn INC','8035678061','bhacun1@nydailynews.com','Apt 1577','Room 904','Aiken','South Carolina','29805','22-MAR-2023');
INSERT INTO SUPPLIERS (SUPPLIER_ID,SUPPLIER_NAME,SUPPLIER_CONTACT_NO,SUPPLIER_EMAIL_ID,SUPPLIER_ADDRESS_1,SUPPLIER_ADDRESS_2,SUPPLIER_CITY,SUPPLIER_STATE,SUPPLIER_ZIP,SUPPLIER_SINCE) VALUES ('3','Hirthe LLC','9363173665','vwackett2@bizjournals.com','Room 387','2nd Floor','Conroe','Texas','77305','20-SEP-2021');
INSERT INTO SUPPLIERS (SUPPLIER_ID,SUPPLIER_NAME,SUPPLIER_CONTACT_NO,SUPPLIER_EMAIL_ID,SUPPLIER_ADDRESS_1,SUPPLIER_ADDRESS_2,SUPPLIER_CITY,SUPPLIER_STATE,SUPPLIER_ZIP,SUPPLIER_SINCE) VALUES ('4','Keebler PVT LTD','9048534175','vsmithin3@drupal.org','10th Floor','Room 1043','Jacksonville','Florida','32236','02-SEP-2022');
INSERT INTO SUPPLIERS (SUPPLIER_ID,SUPPLIER_NAME,SUPPLIER_CONTACT_NO,SUPPLIER_EMAIL_ID,SUPPLIER_ADDRESS_1,SUPPLIER_ADDRESS_2,SUPPLIER_CITY,SUPPLIER_STATE,SUPPLIER_ZIP,SUPPLIER_SINCE) VALUES ('5','Dare-Waelchi LLC','9156213851','middon4@blinklist.com','PO Box 62182','Room 1433','El Paso','Texas','79934','14-SEP-2022');
INSERT INTO SUPPLIERS (SUPPLIER_ID,SUPPLIER_NAME,SUPPLIER_CONTACT_NO,SUPPLIER_EMAIL_ID,SUPPLIER_ADDRESS_1,SUPPLIER_ADDRESS_2,SUPPLIER_CITY,SUPPLIER_STATE,SUPPLIER_ZIP,SUPPLIER_SINCE) VALUES ('6','Brekke-Barrows INC','3129509815','kseals5@bizjournals.com','Apt 132','PO Box 6029','Aurora','Illinois','60505','31-AUG-2021');
INSERT INTO SUPPLIERS (SUPPLIER_ID,SUPPLIER_NAME,SUPPLIER_CONTACT_NO,SUPPLIER_EMAIL_ID,SUPPLIER_ADDRESS_1,SUPPLIER_ADDRESS_2,SUPPLIER_CITY,SUPPLIER_STATE,SUPPLIER_ZIP,SUPPLIER_SINCE) VALUES ('7','Waelchi Inc','2482825631','clympany6@amazon.com','Suite 5','Apt 1669','Detroit','Michigan','48258','27-AUG-2021');
INSERT INTO SUPPLIERS (SUPPLIER_ID,SUPPLIER_NAME,SUPPLIER_CONTACT_NO,SUPPLIER_EMAIL_ID,SUPPLIER_ADDRESS_1,SUPPLIER_ADDRESS_2,SUPPLIER_CITY,SUPPLIER_STATE,SUPPLIER_ZIP,SUPPLIER_SINCE) VALUES ('8','Wolff LTD','4144554033','imonteaux7@mozilla.org','Suite 95','Suite 17','Milwaukee','Wisconsin','53263','31-JAN-2022');
INSERT INTO SUPPLIERS (SUPPLIER_ID,SUPPLIER_NAME,SUPPLIER_CONTACT_NO,SUPPLIER_EMAIL_ID,SUPPLIER_ADDRESS_1,SUPPLIER_ADDRESS_2,SUPPLIER_CITY,SUPPLIER_STATE,SUPPLIER_ZIP,SUPPLIER_SINCE) VALUES ('9','Reichel LLC','7707940618','bwannan8@so-net.ne.jp','Apt 1129','Room 681','Marietta','Georgia','30061','25-MAY-2022');
INSERT INTO SUPPLIERS (SUPPLIER_ID,SUPPLIER_NAME,SUPPLIER_CONTACT_NO,SUPPLIER_EMAIL_ID,SUPPLIER_ADDRESS_1,SUPPLIER_ADDRESS_2,SUPPLIER_CITY,SUPPLIER_STATE,SUPPLIER_ZIP,SUPPLIER_SINCE) VALUES ('10','Zulauf LTD','7653230150','mkeyme9@whitehouse.gov','PO Box 71672','Suite 48','Anderson','Indiana','46015','08-JUL-2022');
INSERT INTO SUPPLIERS (SUPPLIER_ID,SUPPLIER_NAME,SUPPLIER_CONTACT_NO,SUPPLIER_EMAIL_ID,SUPPLIER_ADDRESS_1,SUPPLIER_ADDRESS_2,SUPPLIER_CITY,SUPPLIER_STATE,SUPPLIER_ZIP,SUPPLIER_SINCE) VALUES ('11','Steuber, Waters INC','2029757482','cduchateaua@privacy.gov.au','Suite 54','6th Floor','Washington','District of Columbia','20319','28-MAY-2022');
INSERT INTO SUPPLIERS (SUPPLIER_ID,SUPPLIER_NAME,SUPPLIER_CONTACT_NO,SUPPLIER_EMAIL_ID,SUPPLIER_ADDRESS_1,SUPPLIER_ADDRESS_2,SUPPLIER_CITY,SUPPLIER_STATE,SUPPLIER_ZIP,SUPPLIER_SINCE) VALUES ('12','McClure Inc','3058836998','rborsayb@mozilla.com','Suite 22','Room 241','Miami','Florida','33185','25-NOV-2022');
INSERT INTO SUPPLIERS (SUPPLIER_ID,SUPPLIER_NAME,SUPPLIER_CONTACT_NO,SUPPLIER_EMAIL_ID,SUPPLIER_ADDRESS_1,SUPPLIER_ADDRESS_2,SUPPLIER_CITY,SUPPLIER_STATE,SUPPLIER_ZIP,SUPPLIER_SINCE) VALUES ('13','Stuber, Schulist LTD','3037713414','btoplisc@salon.com','20th Floor','20th Floor','Boulder','Colorado','80328','10-DEC-2022');
INSERT INTO SUPPLIERS (SUPPLIER_ID,SUPPLIER_NAME,SUPPLIER_CONTACT_NO,SUPPLIER_EMAIL_ID,SUPPLIER_ADDRESS_1,SUPPLIER_ADDRESS_2,SUPPLIER_CITY,SUPPLIER_STATE,SUPPLIER_ZIP,SUPPLIER_SINCE) VALUES ('14','Haley and Sons INC','8498667','mmarlowd@theatlantic.com','Room 1382','1st Floor','Pittsburgh','Pennsylvania','15266','06-MAR-2023');
INSERT INTO SUPPLIERS (SUPPLIER_ID,SUPPLIER_NAME,SUPPLIER_CONTACT_NO,SUPPLIER_EMAIL_ID,SUPPLIER_ADDRESS_1,SUPPLIER_ADDRESS_2,SUPPLIER_CITY,SUPPLIER_STATE,SUPPLIER_ZIP,SUPPLIER_SINCE) VALUES ('15','Bashirian LTD','2022089002','agifkinse@shutterfly.com','Apt 645','Suite 71','Washington','District of Columbia','20231','13-MAY-2022');


----------------------------------INSERT INTO STOCK--------------------------------------------------

INSERT INTO STOCK (STOCK_ID,STOCK_NAME,STOCK_QUANTITY,REORDER_LEVEL,STOCK_PRICE,SPECS,STOCK_SUPPLIER_ID,STOCK_IN_DATE,MANUFACTURER_NAME) VALUES (1,'Pork - Inside','84','3','972','Poisoning by liver preparations and other antianemic agents',1,'03-FEB-2023','Sipes-Toy INC');
INSERT INTO STOCK(STOCK_ID,STOCK_NAME,STOCK_QUANTITY,REORDER_LEVEL,STOCK_PRICE,SPECS, STOCK_SUPPLIER_ID,STOCK_IN_DATE,MANUFACTURER_NAME) VALUES ('2','Pastry-Butterscotch','61','5','105','Meningitis in other bacterial diseases classified elsewhere',2,'8-FEB-2023','Rogahn INC');
INSERT INTO STOCK (STOCK_ID,STOCK_NAME,STOCK_QUANTITY,REORDER_LEVEL,STOCK_PRICE,SPECS, STOCK_SUPPLIER_ID,STOCK_IN_DATE,MANUFACTURER_NAME) VALUES ('3','Plasticspoonblack','88','4','246','Body Mass Index, pediatric, greater than or equal to 95th percentile for age',3,'28-JUL-2022','Hirthe LLC');
INSERT INTO STOCK (STOCK_ID,STOCK_NAME,STOCK_QUANTITY,REORDER_LEVEL,STOCK_PRICE,SPECS, STOCK_SUPPLIER_ID,STOCK_IN_DATE,MANUFACTURER_NAME) VALUES ('4','Sauce - Cranberry','45','2','112','Burn of unspecified degree of eye (with other parts of face, head, and neck)',4,'29-JUN-2022','Keebler PVT LTD');
INSERT INTO STOCK (STOCK_ID,STOCK_NAME,STOCK_QUANTITY,REORDER_LEVEL,STOCK_PRICE,SPECS, STOCK_SUPPLIER_ID,STOCK_IN_DATE,MANUFACTURER_NAME) VALUES ('5','Oregano - Fresh','102','1','833','Other primary progressive tuberculosis, bacteriological or histological examination unknown (at present)',5,'24-DEC-2022', 'Dare-Waelchi LLC');
INSERT INTO STOCK (STOCK_ID,STOCK_NAME,STOCK_QUANTITY,REORDER_LEVEL,STOCK_PRICE,SPECS, STOCK_SUPPLIER_ID,STOCK_IN_DATE,MANUFACTURER_NAME) VALUES ('6','Cheese - St. Andre','63','15','489','Other open skull fracture with intracranial injury of other and unspecified nature, with moderate [1-24 hours] loss of consciousness',6,'05-JUL-2022','Brekke-Barrows INC');
INSERT INTO STOCK(STOCK_ID,STOCK_NAME,STOCK_QUANTITY,REORDER_LEVEL,STOCK_PRICE,SPECS,STOCK_SUPPLIER_ID,STOCK_IN_DATE,MANUFACTURER_NAME) VALUES ('7','Chutney Sauce','108','12','836','Human immunodeficiency virus, type 2 [HIV-2]',7,'15-FEB-2023','Waelchi Inc');
INSERT INTO STOCK(STOCK_ID,STOCK_NAME,STOCK_QUANTITY,REORDER_LEVEL,STOCK_PRICE,SPECS,STOCK_SUPPLIER_ID,STOCK_IN_DATE,MANUFACTURER_NAME) VALUES ('8','Salt - Kosher','115','9','923','Injury by jumping or lying before moving object, undetermined whether accidentally or purposely inflicted',8,'17-NOV-2022','Wolff LTD');
INSERT INTO STOCK(STOCK_ID,STOCK_NAME,STOCK_QUANTITY,REORDER_LEVEL,STOCK_PRICE,SPECS,STOCK_SUPPLIER_ID,STOCK_IN_DATE,MANUFACTURER_NAME) VALUES ('9','Champagne Dry','100','10','344','Unspecified complication of anesthesia and other sedation in labor and delivery, unspecified as to episode of care or not applicable',9,'11-JUN-2022','Reichel LLC');
INSERT INTO STOCK(STOCK_ID,STOCK_NAME,STOCK_QUANTITY,REORDER_LEVEL,STOCK_PRICE,SPECS,STOCK_SUPPLIER_ID,STOCK_IN_DATE,MANUFACTURER_NAME) VALUES ('10','Juice - Lemon','54','6','564','Complications affecting other specified body systems, not elsewhere classified, hypertension',10,'7-APR-2022','Zulauf LTD');
INSERT INTO STOCK(STOCK_ID,STOCK_NAME,STOCK_QUANTITY,REORDER_LEVEL,STOCK_PRICE,SPECS,STOCK_SUPPLIER_ID,STOCK_IN_DATE,MANUFACTURER_NAME) VALUES ('11','Lemonade, 591 Ml','70','2','130','Hyperparathyroidism, unspecified',11,'25-DEC-2022','Steuber, Waters INC');
INSERT INTO STOCK(STOCK_ID,STOCK_NAME,STOCK_QUANTITY,REORDER_LEVEL,STOCK_PRICE,SPECS,STOCK_SUPPLIER_ID,STOCK_IN_DATE,MANUFACTURER_NAME) VALUES ('12','Ranch Dressing','86','6','538','Cervical shortening, antepartum condition or complication',12,'4-APR-2022','McClure Inc');
INSERT INTO STOCK(STOCK_ID,STOCK_NAME,STOCK_QUANTITY,REORDER_LEVEL,STOCK_PRICE,SPECS,STOCK_SUPPLIER_ID,STOCK_IN_DATE,MANUFACTURER_NAME) VALUES ('13','Cranberry Foccacia','75','14','357','Pneumonia due to ',13,'11-APR-2022','Schulist LTD');
INSERT INTO STOCK(STOCK_ID,STOCK_NAME,STOCK_QUANTITY,REORDER_LEVEL,STOCK_PRICE,SPECS,STOCK_SUPPLIER_ID,STOCK_IN_DATE,MANUFACTURER_NAME) VALUES ('14','Cheese - Cambozola','50','13','589','Open-angle glaucoma, unspecified',14,'6-MAY-2022','Haley and Sons INC');
INSERT INTO STOCK(STOCK_ID,STOCK_NAME,STOCK_QUANTITY,REORDER_LEVEL,STOCK_PRICE,SPECS,STOCK_SUPPLIER_ID,STOCK_IN_DATE,MANUFACTURER_NAME) VALUES ('15','Beer Cream Ale','44','10','926','Other motor vehicle traffic accident involving collision on the highway injuring rider of animal; occupant of animal-drawn vehicle',15,'21-NOV-2022','Bashirian LTD');



-----------------------------INSERT INTO SUPPLIER TRANSACTION---------------------------------------

INSERT INTO SUPPLIER_TRANSACTION VALUES ( 1, 1, 1, '03-FEB-23' , 84,  970);
INSERT INTO SUPPLIER_TRANSACTION VALUES ( 2, 2, 2, '08-FEB-23' , 61,  110);
INSERT INTO SUPPLIER_TRANSACTION VALUES ( 3, 3, 3, '08-FEB-23' , 88,  250);
INSERT INTO SUPPLIER_TRANSACTION VALUES ( 4, 4, 4, '08-FEB-23' , 45,  110);
INSERT INTO SUPPLIER_TRANSACTION VALUES ( 5, 5, 5, '08-FEB-23' , 102,  830);
INSERT INTO SUPPLIER_TRANSACTION VALUES ( 6, 6, 6, '08-FEB-23' , 63,  490);
INSERT INTO SUPPLIER_TRANSACTION VALUES ( 7, 7, 7, '08-FEB-23' , 108,  840);
INSERT INTO SUPPLIER_TRANSACTION VALUES ( 8, 8, 8, '08-FEB-23' , 115,  920);
INSERT INTO SUPPLIER_TRANSACTION VALUES ( 9, 9, 9, '08-FEB-23' , 100,  340);
INSERT INTO SUPPLIER_TRANSACTION VALUES ( 10, 10, 10, '08-FEB-23' , 54,  560);
INSERT INTO SUPPLIER_TRANSACTION VALUES ( 11, 11, 11, '08-FEB-23' , 70,  130);
INSERT INTO SUPPLIER_TRANSACTION VALUES ( 12, 12, 12, '08-FEB-23' , 86,  540);
INSERT INTO SUPPLIER_TRANSACTION VALUES ( 13, 13, 13, '08-FEB-23' , 75,  360);
INSERT INTO SUPPLIER_TRANSACTION VALUES ( 14, 14, 14, '08-FEB-23' , 50,  590);
INSERT INTO SUPPLIER_TRANSACTION VALUES ( 15, 15, 15, '08-FEB-23' , 44,  930);

-----------------------------INSERT INTO RETURN TRANSACTION---------------------------------------

INSERT INTO RETURN_TRANSACTION (RETURN_NUMBER,RETURN_CUSTOMER_ID,RETURN_DATE) VALUES ('1','1','30-Sep-22');
INSERT INTO RETURN_TRANSACTION (RETURN_NUMBER,RETURN_CUSTOMER_ID,RETURN_DATE) VALUES ('2','7','17-Oct-22');
INSERT INTO RETURN_TRANSACTION (RETURN_NUMBER,RETURN_CUSTOMER_ID,RETURN_DATE) VALUES ('3','11','14-Nov-22');
INSERT INTO RETURN_TRANSACTION (RETURN_NUMBER,RETURN_CUSTOMER_ID,RETURN_DATE) VALUES ('4','23','28-Dec-22');
INSERT INTO RETURN_TRANSACTION (RETURN_NUMBER,RETURN_CUSTOMER_ID,RETURN_DATE) VALUES ('5','17','28-Dec-22');
INSERT INTO RETURN_TRANSACTION (RETURN_NUMBER,RETURN_CUSTOMER_ID,RETURN_DATE) VALUES ('6','45','31-Dec-22');

-----------------------------INSERT INTO PRODUCT SALE---------------------------------------

INSERT INTO PRODUCT_SALE (SALE_ID,ORDER_NUMBER,SALE_STOCK_ID,ORDER_QTY) VALUES ('1','1','3','8');
INSERT INTO PRODUCT_SALE (SALE_ID,ORDER_NUMBER,SALE_STOCK_ID,ORDER_QTY) VALUES ('2','7','6','14');
INSERT INTO PRODUCT_SALE (SALE_ID,ORDER_NUMBER,SALE_STOCK_ID,ORDER_QTY) VALUES ('3','7','9','2');
INSERT INTO PRODUCT_SALE (SALE_ID,ORDER_NUMBER,SALE_STOCK_ID,ORDER_QTY) VALUES ('4','11','4','12');
INSERT INTO PRODUCT_SALE (SALE_ID,ORDER_NUMBER,SALE_STOCK_ID,ORDER_QTY) VALUES ('5','11','12','13');
INSERT INTO PRODUCT_SALE (SALE_ID,ORDER_NUMBER,SALE_STOCK_ID,ORDER_QTY) VALUES ('6','11','14','9');
INSERT INTO PRODUCT_SALE (SALE_ID,ORDER_NUMBER,SALE_STOCK_ID,ORDER_QTY) VALUES ('7','23','6','1');
INSERT INTO PRODUCT_SALE (SALE_ID,ORDER_NUMBER,SALE_STOCK_ID,ORDER_QTY) VALUES ('8','23','10','2');
INSERT INTO PRODUCT_SALE (SALE_ID,ORDER_NUMBER,SALE_STOCK_ID,ORDER_QTY) VALUES ('9','17','12','13');
INSERT INTO PRODUCT_SALE (SALE_ID,ORDER_NUMBER,SALE_STOCK_ID,ORDER_QTY) VALUES ('10','45','12','7');
INSERT INTO PRODUCT_SALE (SALE_ID,ORDER_NUMBER,SALE_STOCK_ID,ORDER_QTY) VALUES ('11','45','10','9');
INSERT INTO PRODUCT_SALE (SALE_ID,ORDER_NUMBER,SALE_STOCK_ID,ORDER_QTY) VALUES ('12','45','8','12');
INSERT INTO PRODUCT_SALE (SALE_ID,ORDER_NUMBER,SALE_STOCK_ID,ORDER_QTY) VALUES ('13','69','6','5');
INSERT INTO PRODUCT_SALE (SALE_ID,ORDER_NUMBER,SALE_STOCK_ID,ORDER_QTY) VALUES ('14','69','4','14');
INSERT INTO PRODUCT_SALE (SALE_ID,ORDER_NUMBER,SALE_STOCK_ID,ORDER_QTY) VALUES ('15','81','3','11');
INSERT INTO PRODUCT_SALE (SALE_ID,ORDER_NUMBER,SALE_STOCK_ID,ORDER_QTY) VALUES ('16','81','8','1');
INSERT INTO PRODUCT_SALE (SALE_ID,ORDER_NUMBER,SALE_STOCK_ID,ORDER_QTY) VALUES ('17','18','15','7');
INSERT INTO PRODUCT_SALE (SALE_ID,ORDER_NUMBER,SALE_STOCK_ID,ORDER_QTY) VALUES ('18','21','5','4');
INSERT INTO PRODUCT_SALE (SALE_ID,ORDER_NUMBER,SALE_STOCK_ID,ORDER_QTY) VALUES ('19','27','6','8');
INSERT INTO PRODUCT_SALE (SALE_ID,ORDER_NUMBER,SALE_STOCK_ID,ORDER_QTY) VALUES ('20','30','11','8');
INSERT INTO PRODUCT_SALE (SALE_ID,ORDER_NUMBER,SALE_STOCK_ID,ORDER_QTY) VALUES ('21','30','5','15');
INSERT INTO PRODUCT_SALE (SALE_ID,ORDER_NUMBER,SALE_STOCK_ID,ORDER_QTY) VALUES ('22','30','10','10');
INSERT INTO PRODUCT_SALE (SALE_ID,ORDER_NUMBER,SALE_STOCK_ID,ORDER_QTY) VALUES ('23','99','12','5');
INSERT INTO PRODUCT_SALE (SALE_ID,ORDER_NUMBER,SALE_STOCK_ID,ORDER_QTY) VALUES ('24','99','8','3');
INSERT INTO PRODUCT_SALE (SALE_ID,ORDER_NUMBER,SALE_STOCK_ID,ORDER_QTY) VALUES ('25','90','11','8');
INSERT INTO PRODUCT_SALE (SALE_ID,ORDER_NUMBER,SALE_STOCK_ID,ORDER_QTY) VALUES ('26','93','5','15');
INSERT INTO PRODUCT_SALE (SALE_ID,ORDER_NUMBER,SALE_STOCK_ID,ORDER_QTY) VALUES ('27','93','15','14');
INSERT INTO PRODUCT_SALE (SALE_ID,ORDER_NUMBER,SALE_STOCK_ID,ORDER_QTY) VALUES ('28','6','3','12');
INSERT INTO PRODUCT_SALE (SALE_ID,ORDER_NUMBER,SALE_STOCK_ID,ORDER_QTY) VALUES ('29','6','4','13');
INSERT INTO PRODUCT_SALE (SALE_ID,ORDER_NUMBER,SALE_STOCK_ID,ORDER_QTY) VALUES ('30','6','5','7');
INSERT INTO PRODUCT_SALE (SALE_ID,ORDER_NUMBER,SALE_STOCK_ID,ORDER_QTY) VALUES ('31','6','6','9');
INSERT INTO PRODUCT_SALE (SALE_ID,ORDER_NUMBER,SALE_STOCK_ID,ORDER_QTY) VALUES ('32','63','9','1');
INSERT INTO PRODUCT_SALE (SALE_ID,ORDER_NUMBER,SALE_STOCK_ID,ORDER_QTY) VALUES ('33','63','10','13');
INSERT INTO PRODUCT_SALE (SALE_ID,ORDER_NUMBER,SALE_STOCK_ID,ORDER_QTY) VALUES ('34','72','8','13');
INSERT INTO PRODUCT_SALE (SALE_ID,ORDER_NUMBER,SALE_STOCK_ID,ORDER_QTY) VALUES ('35','72','3','11');
INSERT INTO PRODUCT_SALE (SALE_ID,ORDER_NUMBER,SALE_STOCK_ID,ORDER_QTY) VALUES ('36','14','1','3');
INSERT INTO PRODUCT_SALE (SALE_ID,ORDER_NUMBER,SALE_STOCK_ID,ORDER_QTY) VALUES ('37','14','3','4');
INSERT INTO PRODUCT_SALE (SALE_ID,ORDER_NUMBER,SALE_STOCK_ID,ORDER_QTY) VALUES ('38','59','1','12');
INSERT INTO PRODUCT_SALE (SALE_ID,ORDER_NUMBER,SALE_STOCK_ID,ORDER_QTY) VALUES ('39','26','1','14');
INSERT INTO PRODUCT_SALE (SALE_ID,ORDER_NUMBER,SALE_STOCK_ID,ORDER_QTY) VALUES ('40','26','2','2');
INSERT INTO PRODUCT_SALE (SALE_ID,ORDER_NUMBER,SALE_STOCK_ID,ORDER_QTY) VALUES ('41','26','8','11');
INSERT INTO PRODUCT_SALE (SALE_ID,ORDER_NUMBER,SALE_STOCK_ID,ORDER_QTY) VALUES ('42','79','7','4');
INSERT INTO PRODUCT_SALE (SALE_ID,ORDER_NUMBER,SALE_STOCK_ID,ORDER_QTY) VALUES ('43','79','1','9');
INSERT INTO PRODUCT_SALE (SALE_ID,ORDER_NUMBER,SALE_STOCK_ID,ORDER_QTY) VALUES ('44','79','2','6');
INSERT INTO PRODUCT_SALE (SALE_ID,ORDER_NUMBER,SALE_STOCK_ID,ORDER_QTY) VALUES ('45','79','4','2');
INSERT INTO PRODUCT_SALE (SALE_ID,ORDER_NUMBER,SALE_STOCK_ID,ORDER_QTY) VALUES ('46','79','5','1');
INSERT INTO PRODUCT_SALE (SALE_ID,ORDER_NUMBER,SALE_STOCK_ID,ORDER_QTY) VALUES ('47','11','1','12');
INSERT INTO PRODUCT_SALE (SALE_ID,ORDER_NUMBER,SALE_STOCK_ID,ORDER_QTY) VALUES ('48','11','2','14');
INSERT INTO PRODUCT_SALE (SALE_ID,ORDER_NUMBER,SALE_STOCK_ID,ORDER_QTY) VALUES ('49','11','7','12');
INSERT INTO PRODUCT_SALE (SALE_ID,ORDER_NUMBER,SALE_STOCK_ID,ORDER_QTY) VALUES ('50','11','10','12');
INSERT INTO PRODUCT_SALE (SALE_ID,ORDER_NUMBER,SALE_STOCK_ID,ORDER_QTY) VALUES ('51','9','1','1');
INSERT INTO PRODUCT_SALE (SALE_ID,ORDER_NUMBER,SALE_STOCK_ID,ORDER_QTY) VALUES ('52','9','2','14');
INSERT INTO PRODUCT_SALE (SALE_ID,ORDER_NUMBER,SALE_STOCK_ID,ORDER_QTY) VALUES ('53','9','7','11');
INSERT INTO PRODUCT_SALE (SALE_ID,ORDER_NUMBER,SALE_STOCK_ID,ORDER_QTY) VALUES ('54','13','1','6');
INSERT INTO PRODUCT_SALE (SALE_ID,ORDER_NUMBER,SALE_STOCK_ID,ORDER_QTY) VALUES ('55','13','2','11');
INSERT INTO PRODUCT_SALE (SALE_ID,ORDER_NUMBER,SALE_STOCK_ID,ORDER_QTY) VALUES ('56','13','6','8');
INSERT INTO PRODUCT_SALE (SALE_ID,ORDER_NUMBER,SALE_STOCK_ID,ORDER_QTY) VALUES ('57','13','8','1');

-----------------------------INSERT INTO RETURN PRODUCT SALE---------------------------------------

INSERT INTO RETURN_PRODUCT_SALE (PRODUCT_RETURN_ID,RETURN_NUMBER,RETURN_STOCK_ID,RETURN_QTY) VALUES ('1','1','3','8');
INSERT INTO RETURN_PRODUCT_SALE (PRODUCT_RETURN_ID,RETURN_NUMBER,RETURN_STOCK_ID,RETURN_QTY) VALUES ('2','2','6','14');
INSERT INTO RETURN_PRODUCT_SALE (PRODUCT_RETURN_ID,RETURN_NUMBER,RETURN_STOCK_ID,RETURN_QTY) VALUES ('3','2','9','2');
INSERT INTO RETURN_PRODUCT_SALE (PRODUCT_RETURN_ID,RETURN_NUMBER,RETURN_STOCK_ID,RETURN_QTY) VALUES ('4','3','4','12');
INSERT INTO RETURN_PRODUCT_SALE (PRODUCT_RETURN_ID,RETURN_NUMBER,RETURN_STOCK_ID,RETURN_QTY) VALUES ('5','3','12','13');
INSERT INTO RETURN_PRODUCT_SALE (PRODUCT_RETURN_ID,RETURN_NUMBER,RETURN_STOCK_ID,RETURN_QTY) VALUES ('6','4','6','1');
INSERT INTO RETURN_PRODUCT_SALE (PRODUCT_RETURN_ID,RETURN_NUMBER,RETURN_STOCK_ID,RETURN_QTY) VALUES ('7','4','10','2');
INSERT INTO RETURN_PRODUCT_SALE (PRODUCT_RETURN_ID,RETURN_NUMBER,RETURN_STOCK_ID,RETURN_QTY) VALUES ('8','5','12','13');
INSERT INTO RETURN_PRODUCT_SALE (PRODUCT_RETURN_ID,RETURN_NUMBER,RETURN_STOCK_ID,RETURN_QTY) VALUES ('9','6','10','9');
INSERT INTO RETURN_PRODUCT_SALE (PRODUCT_RETURN_ID,RETURN_NUMBER,RETURN_STOCK_ID,RETURN_QTY) VALUES ('10','6','8','12');

-----------------------------INSERT INTO CUSTOMER TRANSACTION---------------------------------------

INSERT INTO CUSTOMER_TRANSACTION VALUES (1,1,'19-SEP-2022','CASH');
INSERT INTO CUSTOMER_TRANSACTION VALUES (2,7,'15-OCT-2022','CASH');
INSERT INTO CUSTOMER_TRANSACTION VALUES (3,11,'07-NOV-2022','CREDIT');
INSERT INTO CUSTOMER_TRANSACTION VALUES (4,23,'28-NOV-2022','CASH');
INSERT INTO CUSTOMER_TRANSACTION VALUES (5,17,'02-DEC-2022','CREDIT');
INSERT INTO CUSTOMER_TRANSACTION VALUES (6,45,'07-DEC-2022','CASH');
INSERT INTO CUSTOMER_TRANSACTION VALUES (7,69,'19-DEC-2022','CREDIT');
INSERT INTO CUSTOMER_TRANSACTION VALUES (8,81,'20-DEC-2022','CASH');
INSERT INTO CUSTOMER_TRANSACTION VALUES (9,18,'22-DEC-2022','CASH');
INSERT INTO CUSTOMER_TRANSACTION VALUES (10,21,'25-DEC-2022','CREDIT');
INSERT INTO CUSTOMER_TRANSACTION VALUES (11,27,'25-DEC-2022','CREDIT');                                            
INSERT INTO CUSTOMER_TRANSACTION VALUES (12,30,'09-JAN-2023','CASH');
INSERT INTO CUSTOMER_TRANSACTION VALUES (13,99,'18-JAN-2023','CREDIT');  
INSERT INTO CUSTOMER_TRANSACTION VALUES (14,90,'22-JAN-2023','CASH');
INSERT INTO CUSTOMER_TRANSACTION VALUES (15,93,'23-JAN-2023','CREDIT');
INSERT INTO CUSTOMER_TRANSACTION VALUES (16,6,'26-JAN-2023','CREDIT');
INSERT INTO CUSTOMER_TRANSACTION VALUES (17,63,'31-JAN-2023','CASH');
INSERT INTO CUSTOMER_TRANSACTION VALUES (18,72,'03-FEB-2023','CREDIT');
INSERT INTO CUSTOMER_TRANSACTION VALUES (19,14,'06-FEB-2023','CREDIT');
INSERT INTO CUSTOMER_TRANSACTION VALUES (20,59,'12-FEB-2023','CASH');
INSERT INTO CUSTOMER_TRANSACTION VALUES (21,26,'15-FEB-2023','CREDIT');
INSERT INTO CUSTOMER_TRANSACTION VALUES (22,79,'19-FEB-2023','CASH');
INSERT INTO CUSTOMER_TRANSACTION VALUES (23,11,'25-FEB-2023','CASH'); 
INSERT INTO CUSTOMER_TRANSACTION VALUES (24,9,'03-MAR-2023','CASH');
INSERT INTO CUSTOMER_TRANSACTION VALUES (25,13,'10-MAR-2023','CREDIT');
